N_Awal,P_Awal,K_Awal,N_Target,P_Target,K_Target,Dosis_Pupuk_Gram
17.9,22.4,45.8,10.7,13.7,29.9,0.0
16.9,22.1,45.4,12.4,15.5,26.6,0.0
15.8,21.6,46.6,10.4,10.2,22.8,0.0
16.1,22.7,44.0,8.6,11.2,32.4,0.0
16.7,22.0,45.7,9.2,14.2,24.5,0.0
15.3,23.4,44.3,9.1,17.7,28.0,0.0
16.5,23.3,46.4,10.3,10.1,24.0,0.0
15.6,22.1,47.7,9.8,13.4,23.6,0.0
16.0,21.9,47.0,10.5,10.5,29.0,0.0
16.0,22.9,47.6,11.5,15.9,25.5,0.0
15.1,23.4,48.2,9.3,13.6,24.7,0.0
15.7,23.0,48.4,9.9,16.0,29.1,0.0
17.2,22.7,45.7,9.9,17.1,20.1,0.0
16.7,24.1,45.4,10.1,10.0,27.3,0.0
16.7,22.1,46.9,8.8,13.0,30.7,0.0
16.0,22.2,43.9,10.1,15.9,25.9,0.0
16.1,21.2,45.5,10.4,14.5,28.0,0.0
16.7,24.5,46.4,9.5,12.4,27.5,0.0
16.3,22.7,49.8,10.4,13.9,22.2,0.0
15.2,23.7,47.3,9.7,14.6,27.9,0.0
14.9,23.2,49.4,11.2,12.2,32.2,0.0
15.8,21.0,46.2,8.5,12.9,28.3,0.0
17.9,21.8,45.6,8.4,14.9,25.2,0.0
17.6,21.0,46.4,11.2,11.5,28.7,0.0
15.0,23.1,46.6,10.4,15.6,24.3,0.0
16.6,22.9,45.1,10.4,14.7,26.0,0.0
17.0,21.6,47.3,12.8,14.9,24.4,0.0
16.7,23.4,49.0,11.7,12.4,30.9,0.0
15.5,22.5,46.6,9.6,12.5,25.3,0.0
17.8,22.3,50.2,10.4,15.7,28.0,0.0
16.8,22.4,47.2,10.9,12.3,24.8,0.0
14.8,22.1,47.4,10.7,13.9,25.5,0.0
16.7,21.7,46.4,10.3,11.5,28.5,0.0
16.9,23.7,47.7,10.1,11.7,29.1,0.0
16.9,23.1,51.9,7.9,12.1,29.5,0.0
17.0,22.3,47.3,10.9,16.3,30.9,0.0
16.4,24.9,43.3,8.8,13.5,26.5,0.0
17.4,22.7,44.5,11.0,10.8,26.6,0.0
16.6,22.6,45.2,8.9,15.4,25.8,0.0
16.5,21.9,47.4,13.2,15.3,21.9,0.0
17.2,21.4,45.6,8.8,13.8,29.5,0.0
16.7,21.3,47.5,9.3,12.7,33.3,0.0
15.9,23.9,45.1,13.2,16.1,23.4,0.0
16.3,19.4,44.6,10.7,15.5,25.2,0.0
14.9,22.2,46.3,9.6,11.5,32.9,0.0
16.3,21.6,46.8,12.2,11.1,31.5,0.0
16.0,22.7,47.1,10.3,12.8,28.2,0.0
14.4,22.4,47.0,12.4,11.5,34.4,0.0
15.8,22.0,47.4,10.4,12.8,27.4,0.0
16.6,23.4,47.1,10.5,12.6,30.7,0.0
16.9,22.6,46.3,10.6,15.6,35.7,0.1
16.1,22.4,47.8,13.8,15.5,35.1,0.1
16.4,23.3,45.7,13.1,18.3,37.3,0.1
16.9,21.8,49.3,12.4,16.4,33.7,0.1
17.1,23.2,47.1,10.4,14.3,36.9,0.1
15.7,23.6,45.9,11.9,14.9,33.6,0.1
15.8,21.8,46.5,10.6,16.1,34.6,0.1
16.6,21.1,44.0,12.2,15.7,32.0,0.1
17.8,23.5,45.9,10.8,16.3,34.3,0.1
16.0,22.9,44.9,11.8,14.7,33.4,0.1
16.7,23.3,45.5,12.7,19.8,33.1,0.1
15.6,22.6,46.9,12.2,16.7,33.7,0.1
15.6,23.5,46.4,14.1,18.6,39.9,0.1
15.7,20.5,45.3,15.2,15.1,30.9,0.1
18.2,23.5,45.3,10.7,17.0,34.4,0.1
18.2,23.8,45.4,10.5,17.7,29.5,0.1
17.6,21.0,45.2,9.3,19.4,33.1,0.1
17.0,21.5,45.9,11.9,16.8,32.1,0.1
15.2,21.1,48.0,12.1,17.7,35.5,0.1
16.5,23.8,46.2,12.4,15.2,38.1,0.1
17.3,23.2,48.2,15.0,20.2,32.7,0.1
14.6,21.4,43.1,10.4,18.1,36.6,0.1
16.4,24.2,44.1,11.5,18.1,37.9,0.1
16.3,20.5,46.0,9.3,16.6,34.6,0.1
15.4,22.1,44.5,9.9,18.0,34.5,0.1
16.8,22.1,44.9,11.8,18.6,30.5,0.1
15.1,24.6,46.2,11.7,14.6,31.8,0.1
16.1,23.2,47.3,10.8,17.1,33.1,0.1
14.0,21.1,48.2,11.1,15.6,32.6,0.1
16.6,25.7,47.8,14.3,16.2,35.1,0.1
16.5,21.8,44.0,11.7,14.8,28.6,0.1
17.2,22.6,48.3,10.9,14.5,38.5,0.1
16.9,21.6,45.8,12.0,15.0,38.0,0.1
18.2,21.2,47.0,10.6,13.9,36.2,0.1
15.5,22.6,44.9,10.9,15.7,31.6,0.1
15.4,22.0,47.3,12.3,16.6,32.7,0.1
17.1,20.9,46.9,12.6,14.7,33.7,0.1
14.5,21.0,46.2,10.9,17.8,31.1,0.1
14.7,22.5,44.3,12.3,14.9,35.3,0.1
16.0,23.6,45.3,10.9,16.8,30.8,0.1
17.8,20.1,44.9,13.1,14.4,35.0,0.1
15.7,22.7,45.9,12.7,16.3,34.5,0.1
15.9,22.1,45.5,13.6,17.2,34.4,0.1
18.4,23.5,45.6,12.5,15.9,34.3,0.1
15.3,20.7,45.6,13.7,15.9,27.3,0.1
16.1,23.4,42.8,11.9,20.1,34.4,0.1
17.5,22.9,45.5,12.2,18.2,29.0,0.1
16.6,22.1,44.9,12.8,21.2,34.0,0.1
15.9,23.1,46.6,13.1,15.0,33.6,0.1
15.4,22.1,46.7,13.4,15.7,32.6,0.1
17.7,23.0,48.9,14.9,17.6,41.4,0.2
17.8,23.2,46.0,12.6,16.9,33.5,0.2
16.5,22.7,47.2,14.2,17.2,46.2,0.2
16.8,24.5,48.1,14.5,19.9,36.5,0.2
16.2,22.6,47.8,16.1,18.4,35.9,0.2
15.9,21.6,43.6,11.2,22.5,38.3,0.2
15.0,22.3,48.6,15.0,19.6,35.0,0.2
16.1,19.9,46.0,13.4,16.4,38.1,0.2
17.5,22.3,44.5,13.4,20.8,44.4,0.2
16.3,22.8,45.9,17.6,19.5,38.9,0.2
15.8,21.9,46.3,12.9,18.3,38.7,0.2
17.4,23.8,43.0,13.4,22.4,30.9,0.2
15.6,21.5,48.8,13.2,18.7,34.6,0.2
15.2,22.1,46.9,15.2,21.9,41.0,0.2
16.0,23.3,46.8,11.9,20.8,38.1,0.2
17.0,23.2,45.7,13.2,21.7,35.6,0.2
16.2,22.1,47.7,14.2,16.9,41.6,0.2
16.9,21.3,48.8,12.7,16.6,34.2,0.2
16.2,22.0,46.7,10.6,22.8,39.5,0.2
16.5,22.2,46.0,13.7,21.6,39.2,0.2
17.1,22.8,45.9,14.2,16.0,34.8,0.2
15.6,22.8,44.7,13.8,20.1,37.2,0.2
16.8,22.8,47.6,14.4,16.0,41.9,0.2
15.1,22.0,46.2,16.2,21.4,33.3,0.2
15.6,22.0,44.0,14.5,18.0,39.4,0.2
17.4,21.6,50.1,12.4,16.7,35.9,0.2
17.0,22.0,46.3,14.5,19.8,36.2,0.2
15.6,22.6,48.8,17.6,19.2,42.3,0.2
15.8,23.2,47.6,12.8,23.0,40.9,0.2
16.1,22.5,47.1,14.7,16.3,36.6,0.2
16.9,23.2,47.7,14.0,16.7,40.0,0.2
14.7,23.0,46.4,15.0,20.3,38.6,0.2
17.4,22.6,47.2,14.2,16.9,35.6,0.2
15.8,22.7,45.4,13.8,19.5,41.6,0.2
15.9,23.8,44.8,13.1,18.8,39.5,0.2
16.5,23.6,43.9,13.5,18.5,43.2,0.2
17.4,22.1,48.2,14.1,21.2,39.1,0.2
17.8,24.2,45.3,17.2,18.7,37.5,0.2
15.4,21.6,45.0,13.1,18.8,34.8,0.2
15.3,23.6,45.8,13.7,19.9,43.5,0.2
16.7,22.8,46.9,13.7,20.8,35.5,0.2
15.8,22.0,45.3,14.2,24.3,36.9,0.2
15.8,21.8,46.8,12.8,21.8,43.1,0.2
14.8,24.1,48.8,12.9,20.7,39.4,0.2
16.7,23.3,49.1,12.8,18.6,39.7,0.2
15.6,22.6,48.8,13.5,17.8,34.7,0.2
17.5,25.1,45.3,13.0,19.9,38.8,0.2
18.2,23.2,45.6,13.0,21.5,40.9,0.2
16.8,23.7,47.9,14.6,21.6,41.3,0.2
16.5,23.8,44.9,15.8,20.7,38.3,0.2
17.6,22.8,46.2,16.2,21.3,44.3,0.3
18.5,22.3,46.5,13.6,23.6,46.2,0.3
16.6,23.2,46.4,16.0,25.3,43.9,0.3
15.3,22.7,45.1,15.0,22.5,47.5,0.3
16.7,24.2,46.0,17.4,19.1,42.6,0.3
14.1,23.0,45.4,14.8,25.9,39.9,0.3
15.8,21.3,47.4,14.1,23.5,45.0,0.3
15.3,21.1,45.1,16.6,21.9,49.8,0.3
16.7,21.3,48.3,15.6,22.6,43.5,0.3
16.8,23.2,46.8,15.5,24.3,45.3,0.3
17.0,22.5,48.3,16.6,24.8,44.8,0.3
14.9,22.7,45.1,14.6,25.7,44.1,0.3
14.4,22.1,42.5,16.9,20.8,42.9,0.3
16.8,21.6,46.1,13.2,23.6,46.6,0.3
17.2,22.4,46.2,15.6,19.8,48.7,0.3
15.7,21.6,45.7,15.9,18.0,43.5,0.3
16.9,24.0,47.5,18.3,23.4,42.5,0.3
16.7,23.5,47.1,15.7,20.8,46.3,0.3
16.5,24.7,45.1,17.2,21.0,48.2,0.3
15.9,22.3,46.8,18.2,22.5,42.3,0.3
18.5,24.3,46.8,16.4,21.0,44.2,0.3
15.3,22.3,43.6,15.7,22.3,46.1,0.3
17.9,21.4,43.9,16.2,23.4,42.8,0.3
15.9,23.7,46.1,16.0,24.2,49.3,0.3
14.8,24.1,48.2,15.4,23.9,46.2,0.3
16.6,22.0,45.1,14.7,22.9,45.7,0.3
16.0,23.4,41.9,15.6,24.5,45.9,0.3
15.2,21.3,47.9,17.3,18.6,43.1,0.3
16.8,22.7,44.2,14.9,22.8,44.1,0.3
15.9,24.1,47.4,17.1,21.1,39.6,0.3
18.4,23.0,46.8,15.1,21.4,43.3,0.3
16.1,22.5,46.1,17.2,22.6,43.5,0.3
16.3,22.7,43.1,16.7,22.2,46.4,0.3
13.4,24.7,45.9,17.0,22.8,47.2,0.3
15.3,22.0,49.0,17.3,20.0,46.1,0.3
16.8,22.7,46.7,15.3,22.5,46.8,0.3
17.4,23.7,47.9,19.2,22.0,44.8,0.3
15.2,22.9,45.0,16.6,19.8,49.1,0.3
16.8,24.2,46.8,15.5,22.8,45.2,0.3
15.1,23.2,47.2,15.3,24.0,47.8,0.3
16.5,22.4,46.2,15.2,24.9,43.8,0.3
15.5,21.6,42.9,14.0,19.2,49.0,0.3
17.3,21.9,49.5,14.7,19.5,49.2,0.3
18.6,21.2,43.7,17.1,21.5,36.7,0.3
16.9,23.2,47.4,17.2,27.0,48.4,0.3
16.3,21.8,45.7,16.8,22.7,44.5,0.3
15.2,22.8,48.2,13.1,21.9,41.3,0.3
17.3,21.6,45.8,17.0,19.0,41.3,0.3
15.0,22.0,46.6,16.4,20.2,44.5,0.3
16.9,22.8,48.2,13.2,23.0,44.2,0.3
16.9,22.6,46.2,17.7,24.0,50.0,0.4
18.1,21.3,45.1,16.4,23.5,45.4,0.4
17.6,21.9,46.5,16.4,26.6,48.8,0.4
16.6,23.2,46.7,16.2,29.1,46.1,0.4
16.2,23.6,49.4,17.2,24.5,49.8,0.4
18.9,21.8,48.6,16.7,22.1,49.4,0.4
18.0,22.2,45.8,20.0,23.7,51.4,0.4
15.1,22.6,45.0,16.6,22.8,47.7,0.4
17.2,20.6,46.7,17.8,21.7,50.6,0.4
16.8,21.9,46.0,19.3,22.4,54.7,0.4
15.4,22.8,44.0,18.3,25.0,51.3,0.4
17.6,23.7,47.0,17.3,23.0,47.4,0.4
16.5,24.9,46.7,15.9,24.2,53.3,0.4
16.2,23.3,47.6,17.8,24.2,50.0,0.4
16.8,21.5,42.9,16.3,22.1,44.1,0.4
17.2,22.7,46.0,18.1,29.8,49.6,0.4
16.7,21.9,47.6,18.9,24.2,50.4,0.4
15.4,22.6,46.1,17.2,23.3,51.3,0.4
17.2,24.0,47.0,19.1,25.8,49.6,0.4
16.0,22.0,45.8,17.5,22.2,46.4,0.4
16.8,22.7,43.2,17.6,25.9,49.4,0.4
16.9,24.1,48.0,16.1,24.5,46.0,0.4
16.0,22.0,45.7,17.2,27.8,50.1,0.4
16.3,23.0,47.9,16.9,25.1,50.1,0.4
17.3,21.2,45.8,18.9,21.8,42.0,0.4
17.1,22.0,42.2,15.7,21.2,51.3,0.4
16.5,22.6,47.0,16.7,25.6,45.2,0.4
16.2,22.6,44.7,17.7,22.9,53.2,0.4
18.0,21.2,43.7,16.8,23.0,49.1,0.4
17.4,22.0,48.9,19.7,24.4,47.6,0.4
15.7,23.3,46.6,18.5,23.8,56.1,0.4
15.6,23.1,45.1,19.4,27.9,49.7,0.4
16.5,21.2,44.7,20.5,25.1,48.5,0.4
16.9,23.8,47.2,19.3,23.5,46.5,0.4
17.8,22.3,45.8,19.0,23.3,45.4,0.4
18.5,21.9,47.5,19.5,25.9,51.0,0.4
16.8,23.1,47.7,17.6,25.3,54.2,0.4
14.4,24.6,44.5,16.9,23.1,46.5,0.4
17.2,23.5,45.3,17.2,24.3,50.6,0.4
17.9,23.1,47.2,17.2,25.4,48.9,0.4
15.0,23.0,45.2,18.5,27.2,50.2,0.4
16.4,22.9,48.7,16.7,26.0,53.4,0.4
14.6,23.3,46.7,17.9,30.0,51.3,0.4
15.1,22.4,44.9,19.4,26.2,49.2,0.4
16.7,21.4,46.8,16.6,26.0,54.7,0.4
16.4,21.8,47.1,19.3,23.6,49.2,0.4
15.9,23.3,45.6,17.3,25.6,47.0,0.4
17.3,21.2,43.5,20.1,24.0,50.3,0.4
18.9,22.0,46.4,15.2,27.3,48.0,0.4
17.5,23.6,47.0,19.8,28.8,55.8,0.4
16.3,22.4,45.4,20.5,26.4,52.6,0.5
17.8,21.5,45.8,20.4,29.4,55.3,0.5
16.2,24.1,47.1,18.3,23.8,54.8,0.5
16.9,22.4,44.7,17.8,31.2,58.7,0.5
17.9,22.1,44.4,18.8,29.7,60.7,0.5
16.2,22.1,43.7,19.6,24.0,56.0,0.5
13.5,22.6,48.8,20.1,26.4,51.5,0.5
16.8,21.6,46.6,21.9,26.6,53.2,0.5
16.1,21.7,44.9,20.5,30.0,54.8,0.5
15.5,24.1,45.7,19.0,28.2,57.8,0.5
17.2,23.3,45.7,19.3,26.0,47.8,0.5
15.8,23.4,44.2,19.5,28.5,50.4,0.5
16.3,21.0,47.9,19.8,24.8,56.5,0.5
17.5,21.6,46.2,18.3,25.9,55.7,0.5
16.0,21.8,46.3,20.0,28.9,55.6,0.5
17.2,20.2,44.6,17.8,21.7,56.4,0.5
15.6,22.4,48.2,20.3,31.6,55.1,0.5
15.4,22.7,48.6,18.4,25.9,53.6,0.5
14.8,23.5,46.0,19.9,27.0,54.2,0.5
15.6,22.2,47.9,19.1,33.9,56.0,0.5
15.7,24.5,47.7,19.5,24.6,57.8,0.5
17.2,23.1,44.9,18.7,30.1,55.3,0.5
15.9,21.6,46.8,18.4,29.6,54.1,0.5
17.7,22.5,46.8,22.5,25.4,55.1,0.5
17.3,23.8,50.0,17.8,28.4,54.5,0.5
16.0,22.9,45.7,20.2,28.2,55.6,0.5
17.5,23.9,46.0,19.6,30.1,52.0,0.5
16.3,21.6,45.4,16.2,26.3,58.9,0.5
16.0,22.2,44.7,20.6,28.6,54.3,0.5
17.9,23.6,45.5,21.8,26.9,58.7,0.5
16.7,21.4,47.9,20.0,27.5,52.3,0.5
16.1,23.2,45.4,18.7,27.9,55.9,0.5
18.3,21.6,45.1,20.7,24.8,55.4,0.5
16.8,23.2,47.8,20.1,27.9,56.1,0.5
18.2,22.5,44.7,20.0,27.0,57.1,0.5
17.2,22.1,46.0,21.0,27.3,48.5,0.5
15.9,23.1,45.7,19.9,27.9,57.2,0.5
17.4,22.1,47.3,20.5,28.7,52.2,0.5
16.0,22.6,45.7,19.9,31.2,54.4,0.5
15.3,23.5,48.7,20.6,24.3,51.9,0.5
17.5,21.7,46.5,19.2,27.2,55.3,0.5
17.3,19.9,47.1,20.8,28.5,55.6,0.5
17.7,22.5,47.6,18.4,23.8,56.6,0.5
17.1,22.7,43.7,21.8,30.1,60.0,0.5
16.2,22.7,47.0,19.0,25.8,61.6,0.5
16.5,21.9,44.1,19.4,30.9,53.2,0.5
15.6,21.2,46.0,18.4,27.4,53.8,0.5
14.9,22.3,45.0,17.1,29.0,55.3,0.5
16.5,22.4,47.1,19.8,30.2,49.4,0.5
15.5,23.7,46.2,19.7,26.0,54.1,0.5
14.8,20.8,43.8,24.1,30.1,58.3,0.6
17.2,22.1,46.3,21.6,31.2,55.7,0.6
15.4,20.4,45.0,23.7,32.0,59.7,0.6
16.4,22.4,45.2,20.9,28.2,60.1,0.6
17.7,22.5,46.2,21.5,31.1,57.2,0.6
16.6,22.0,46.7,22.3,30.7,63.3,0.6
16.1,22.5,43.3,19.5,30.4,60.4,0.6
15.3,23.9,44.8,20.4,30.4,60.9,0.6
18.1,21.4,47.5,22.7,31.1,58.5,0.6
16.1,22.9,46.5,22.7,28.9,64.6,0.6
14.6,23.9,43.6,21.0,31.8,62.8,0.6
15.9,21.5,45.8,22.8,32.5,57.2,0.6
17.7,22.0,45.8,20.8,31.8,64.4,0.6
18.0,21.4,45.2,18.7,28.6,63.4,0.6
16.8,22.1,46.1,21.2,30.8,58.0,0.6
16.2,22.5,45.6,22.1,30.2,59.2,0.6
16.0,23.3,45.6,20.9,33.4,62.1,0.6
16.8,21.0,44.4,23.0,31.0,60.1,0.6
18.6,23.2,46.9,19.4,30.5,65.7,0.6
15.7,22.4,45.4,18.5,29.1,58.1,0.6
16.6,24.7,44.7,18.3,31.7,57.2,0.6
18.3,21.4,46.9,17.4,29.6,63.8,0.6
14.8,22.8,46.8,20.5,30.0,68.4,0.6
15.9,22.9,45.6,22.9,30.4,61.4,0.6
16.3,23.7,46.1,22.2,29.5,61.6,0.6
15.7,22.0,48.2,18.6,32.7,57.7,0.6
16.6,22.5,46.6,18.0,36.5,63.6,0.6
16.4,22.4,45.9,22.0,31.5,62.1,0.6
13.4,23.2,46.4,20.9,32.5,62.2,0.6
17.3,21.8,46.7,21.2,29.4,63.8,0.6
17.2,23.5,46.9,19.8,27.5,58.6,0.6
16.8,23.4,47.3,22.3,31.2,58.5,0.6
17.4,22.6,44.8,23.0,31.6,61.5,0.6
16.2,21.8,45.7,21.0,28.7,58.4,0.6
15.5,23.3,47.5,18.4,30.6,60.5,0.6
15.4,23.4,45.8,18.8,28.7,58.2,0.6
15.1,22.7,46.5,20.8,26.2,62.4,0.6
16.5,24.4,48.0,23.3,27.6,51.4,0.6
15.4,23.1,46.9,21.6,29.2,62.9,0.6
15.8,22.6,43.5,22.8,35.7,61.6,0.6
16.5,21.8,47.8,20.2,29.4,58.9,0.6
16.5,23.4,44.8,21.2,30.2,59.5,0.6
15.5,22.1,47.4,20.3,29.6,56.4,0.6
16.2,23.0,46.0,21.6,30.6,63.0,0.6
16.2,24.0,47.5,21.6,29.0,53.2,0.6
16.5,22.0,45.7,22.7,32.7,60.7,0.6
15.9,22.6,47.0,22.2,32.6,60.0,0.6
15.1,22.1,45.9,19.1,25.6,58.8,0.6
16.6,23.2,44.4,20.6,33.1,61.4,0.6
15.3,21.0,47.4,22.8,30.1,62.5,0.6
17.5,21.4,48.6,23.7,31.1,63.3,0.7
16.9,22.0,45.9,21.8,34.2,64.9,0.7
15.8,22.4,44.6,23.2,30.9,68.1,0.7
17.1,22.6,45.7,19.3,32.5,73.1,0.7
17.5,23.3,47.2,23.1,34.0,62.3,0.7
16.9,22.2,45.3,23.8,33.0,67.9,0.7
14.9,22.8,46.2,23.3,36.0,62.2,0.7
17.8,21.0,44.9,23.4,33.4,65.2,0.7
18.0,22.6,46.5,23.0,29.6,65.4,0.7
16.0,23.9,47.0,21.2,31.7,64.8,0.7
17.5,24.2,44.6,21.4,33.4,67.4,0.7
16.8,23.6,46.0,21.9,30.4,65.2,0.7
18.4,21.0,46.4,22.6,33.2,63.4,0.7
16.0,22.4,48.2,26.1,32.9,65.3,0.7
16.1,22.2,47.0,19.8,36.0,61.6,0.7
15.0,22.8,45.1,20.7,33.8,72.0,0.7
16.8,24.4,45.8,23.8,33.0,64.0,0.7
16.8,24.1,46.7,24.2,30.3,63.0,0.7
16.9,23.5,45.4,22.6,32.9,62.1,0.7
16.3,24.7,45.8,22.4,33.4,64.6,0.7
16.2,21.9,48.1,22.6,31.6,68.1,0.7
17.3,21.9,47.3,25.2,31.7,60.3,0.7
17.1,22.6,44.7,20.2,34.7,62.2,0.7
16.9,24.6,43.8,22.5,34.3,66.2,0.7
15.0,22.4,47.5,25.5,33.1,63.2,0.7
16.3,21.3,46.7,22.9,35.9,61.5,0.7
16.5,23.0,46.7,24.4,32.1,58.1,0.7
17.5,20.8,46.6,25.0,30.8,67.9,0.7
15.8,21.9,46.2,22.4,32.8,66.9,0.7
15.2,23.3,46.8,21.5,30.7,67.9,0.7
15.4,22.1,46.8,20.5,31.6,69.5,0.7
17.8,24.3,47.6,24.3,32.4,64.1,0.7
16.9,23.0,48.2,23.2,31.3,63.4,0.7
15.3,22.2,46.5,24.1,29.9,69.0,0.7
16.2,23.1,47.5,26.1,39.1,67.7,0.7
16.8,23.3,46.8,22.6,36.5,66.6,0.7
15.2,23.0,47.3,24.4,31.7,64.2,0.7
17.0,21.5,45.5,23.8,36.3,65.9,0.7
16.3,21.1,45.6,24.2,34.6,65.0,0.7
16.4,22.6,45.1,24.4,34.1,67.4,0.7
15.8,20.4,47.8,24.2,33.8,67.4,0.7
15.9,23.7,47.1,22.4,31.2,68.0,0.7
16.6,22.2,46.3,24.1,30.2,69.5,0.7
15.0,21.1,47.8,20.4,33.7,62.8,0.7
14.6,21.5,48.0,22.2,36.0,64.3,0.7
16.8,23.7,48.3,22.9,31.8,66.4,0.7
16.6,21.6,44.7,22.6,30.3,64.6,0.7
15.6,22.4,44.7,23.6,32.8,66.0,0.7
15.4,21.1,45.2,24.4,35.0,60.3,0.7
15.3,22.8,46.2,23.0,30.0,63.1,0.7
16.1,24.3,48.1,23.9,36.0,69.6,0.8
15.2,23.4,48.4,23.0,37.3,73.7,0.8
16.6,23.1,46.6,23.3,33.8,74.3,0.8
17.5,22.4,46.1,25.6,33.0,74.4,0.8
16.3,23.7,45.6,22.7,36.6,73.0,0.8
16.2,22.8,45.6,25.8,33.6,71.2,0.8
14.7,24.3,48.2,24.8,37.3,70.0,0.8
16.6,22.9,45.8,23.0,37.0,69.8,0.8
15.5,22.5,45.1,23.8,34.2,68.5,0.8
16.6,23.1,46.8,26.0,38.6,69.5,0.8
15.1,23.5,47.5,25.1,37.1,72.7,0.8
16.1,23.7,49.7,23.8,35.7,73.3,0.8
17.1,22.4,48.3,23.8,32.9,72.2,0.8
18.1,24.6,45.0,23.0,37.0,69.5,0.8
16.3,22.6,43.2,24.2,37.3,70.1,0.8
17.8,21.3,47.3,25.0,34.2,69.8,0.8
16.7,23.2,47.6,24.6,35.1,73.7,0.8
15.5,25.5,48.0,24.5,34.4,68.0,0.8
16.9,23.1,45.7,23.0,33.0,72.7,0.8
14.1,22.4,44.9,24.8,36.3,71.5,0.8
16.0,23.5,46.9,25.2,41.6,72.4,0.8
15.2,23.1,44.7,25.6,36.8,77.5,0.8
16.0,23.6,47.5,25.8,33.8,70.0,0.8
15.1,22.4,45.7,23.1,35.7,69.2,0.8
15.8,23.6,49.3,28.6,36.5,67.2,0.8
16.7,21.7,46.9,22.6,31.9,76.9,0.8
17.3,21.6,46.3,21.0,35.6,72.3,0.8
15.9,21.6,47.1,23.6,36.1,68.6,0.8
14.9,22.3,46.1,26.3,35.1,71.4,0.8
17.3,22.9,48.8,28.9,33.4,75.7,0.8
17.6,23.7,45.2,25.5,36.4,71.1,0.8
16.3,23.8,45.4,23.0,35.2,68.9,0.8
14.1,22.0,46.4,24.9,35.7,73.8,0.8
17.0,22.0,44.3,26.8,34.6,65.7,0.8
14.1,23.5,48.0,24.1,35.2,69.5,0.8
16.3,23.2,47.1,26.0,33.3,70.7,0.8
17.8,23.3,47.3,23.9,35.8,72.7,0.8
15.5,24.0,47.2,25.1,38.4,72.5,0.8
16.8,22.8,46.6,24.3,34.7,72.2,0.8
17.3,21.6,46.7,27.5,37.8,71.9,0.8
15.7,21.5,45.0,27.7,35.2,68.7,0.8
17.2,21.7,48.4,24.4,32.8,71.3,0.8
17.2,21.5,47.5,25.8,37.7,69.3,0.8
15.4,23.2,44.7,25.2,36.7,67.8,0.8
15.1,23.1,47.1,25.7,32.9,73.8,0.8
15.8,21.6,43.2,23.9,36.8,72.1,0.8
16.1,23.3,45.7,25.5,32.5,71.6,0.8
16.7,23.1,43.8,24.5,37.1,72.3,0.8
16.1,22.6,45.9,26.1,36.8,68.2,0.8
15.0,23.2,48.1,25.5,38.5,74.5,0.8
17.4,22.8,47.7,27.4,40.5,82.7,0.9
17.9,21.8,48.4,27.1,38.4,75.6,0.9
14.2,23.2,47.5,27.6,35.5,77.8,0.9
15.8,21.5,48.4,26.0,38.6,82.6,0.9
17.7,21.9,45.4,29.8,38.3,79.7,0.9
15.5,24.6,45.3,28.7,41.7,78.4,0.9
17.2,23.0,46.8,26.4,39.0,81.4,0.9
16.0,22.8,44.4,26.9,39.4,69.1,0.9
17.9,22.1,45.9,27.4,37.9,82.0,0.9
15.6,21.5,47.1,26.7,37.4,77.3,0.9
15.7,22.8,47.4,27.8,36.7,79.4,0.9
16.1,22.4,45.0,26.8,39.2,75.2,0.9
16.1,22.3,45.8,26.6,35.2,75.2,0.9
15.7,21.4,44.6,26.8,39.3,79.3,0.9
15.0,22.1,46.4,26.1,37.6,74.4,0.9
15.4,22.6,44.9,27.8,37.2,75.5,0.9
16.6,22.8,50.2,27.7,34.7,75.6,0.9
14.6,22.5,44.9,27.4,36.3,76.4,0.9
15.7,24.3,45.6,28.2,37.2,76.3,0.9
16.7,23.0,43.2,29.6,39.9,78.1,0.9
14.9,22.5,48.7,26.4,40.0,76.6,0.9
16.0,20.9,44.7,28.7,38.2,79.6,0.9
16.0,24.5,48.6,29.2,37.8,76.0,0.9
14.8,24.1,44.4,30.2,38.0,77.6,0.9
15.5,22.0,45.3,27.2,36.1,74.9,0.9
16.6,23.8,45.4,26.0,40.0,73.4,0.9
16.5,22.1,46.9,25.8,37.9,80.2,0.9
16.0,21.8,44.8,25.2,39.7,77.9,0.9
16.8,20.5,45.3,27.7,40.8,74.8,0.9
15.7,22.9,45.8,26.8,36.5,73.9,0.9
16.8,19.8,45.4,23.5,34.1,74.9,0.9
16.7,22.7,42.9,26.1,41.1,75.5,0.9
20.3,20.5,48.7,28.0,38.8,78.2,0.9
15.9,22.0,46.6,26.4,38.9,76.6,0.9
15.2,22.1,48.0,24.6,39.8,75.5,0.9
17.1,23.3,48.9,26.1,39.0,74.5,0.9
17.6,21.9,47.2,26.6,39.7,77.0,0.9
16.6,22.5,46.4,26.6,38.2,77.0,0.9
15.9,21.7,47.6,29.2,40.3,79.3,0.9
16.1,21.0,45.5,28.2,41.3,74.9,0.9
16.1,22.9,44.4,28.4,37.4,78.6,0.9
14.7,23.8,47.3,27.0,32.3,76.1,0.9
18.1,23.5,45.8,27.6,41.4,73.9,0.9
15.7,22.1,44.5,28.6,36.1,74.2,0.9
15.8,20.8,46.5,28.7,37.8,77.8,0.9
18.3,23.5,46.3,24.0,38.2,72.6,0.9
16.5,22.9,48.0,28.8,36.6,78.3,0.9
15.4,22.5,46.3,28.0,38.9,71.7,0.9
16.9,22.7,45.8,25.2,43.1,81.2,0.9
15.1,22.9,45.9,25.4,38.5,77.5,0.9
18.2,23.1,44.1,25.9,39.3,80.9,1.0
15.9,22.5,48.1,29.5,37.9,85.4,1.0
17.4,21.1,41.9,26.8,38.2,80.4,1.0
15.9,22.2,47.9,28.1,42.1,85.7,1.0
16.8,22.1,46.2,25.9,40.2,82.7,1.0
15.4,22.7,46.8,25.0,39.7,83.5,1.0
16.1,23.2,46.4,28.2,41.4,79.2,1.0
14.3,23.8,45.6,27.9,41.5,84.3,1.0
15.6,22.3,45.0,29.4,43.4,78.0,1.0
16.5,21.4,45.5,31.3,39.3,80.4,1.0
15.8,21.1,46.6,29.2,40.4,81.8,1.0
17.0,21.3,48.7,31.4,41.1,82.8,1.0
18.2,23.4,47.0,29.0,44.3,79.9,1.0
16.5,20.6,44.5,29.1,40.5,85.7,1.0
17.6,20.6,46.3,28.5,41.6,81.9,1.0
16.8,21.7,48.0,26.0,42.5,81.8,1.0
16.9,21.9,47.4,30.3,42.2,81.7,1.0
16.7,21.3,47.0,31.2,43.2,79.9,1.0
16.1,22.3,44.3,29.4,37.3,78.6,1.0
15.6,23.6,48.6,29.3,41.5,81.5,1.0
16.0,22.5,47.2,28.0,39.8,83.6,1.0
15.9,22.5,46.1,25.9,43.7,82.3,1.0
16.8,23.5,44.6,26.1,44.0,82.2,1.0
14.2,22.5,45.2,29.4,40.5,84.7,1.0
15.6,22.5,44.8,29.4,42.0,80.0,1.0
16.0,21.6,43.7,30.0,40.3,73.4,1.0
16.7,22.0,46.8,26.9,41.2,86.1,1.0
14.6,22.2,46.4,28.0,39.6,78.6,1.0
16.9,21.3,47.3,28.6,40.2,79.3,1.0
15.8,23.6,46.9,27.2,39.5,77.7,1.0
16.0,21.8,48.1,30.2,42.1,78.8,1.0
18.2,22.2,47.2,26.9,42.8,84.8,1.0
14.5,23.3,43.3,32.2,39.8,77.5,1.0
16.8,22.8,48.0,28.2,41.9,82.7,1.0
17.2,23.5,46.8,27.3,39.7,79.8,1.0
17.9,23.3,48.8,30.5,38.7,87.1,1.0
17.1,21.5,47.3,26.2,40.0,79.9,1.0
15.3,21.7,48.0,30.8,42.4,83.0,1.0
14.3,21.5,49.0,29.9,40.9,80.9,1.0
15.1,22.8,47.5,26.8,41.4,85.1,1.0
17.4,22.4,47.3,28.8,46.8,77.1,1.0
14.5,23.2,46.6,29.4,39.6,82.8,1.0
16.5,21.7,45.1,29.7,43.1,83.2,1.0
16.4,21.7,47.9,30.5,43.9,81.4,1.0
16.0,22.8,47.1,29.7,44.9,79.5,1.0
17.1,21.7,48.2,28.4,39.3,84.8,1.0
16.9,21.7,46.2,30.5,41.3,82.3,1.0
17.8,22.3,45.8,25.5,42.8,77.4,1.0
13.8,23.9,46.6,27.8,40.4,86.4,1.0
15.4,21.4,47.8,26.9,38.9,87.1,1.0
15.3,23.7,47.7,29.7,39.6,83.8,1.1
16.3,21.4,46.8,29.9,42.2,88.5,1.1
16.8,22.5,44.7,32.3,39.5,82.1,1.1
15.4,21.0,46.5,30.8,46.1,83.8,1.1
15.7,21.5,47.4,30.8,42.5,83.2,1.1
16.9,24.0,44.1,30.5,38.4,87.9,1.1
18.1,23.3,45.8,27.1,41.2,84.7,1.1
18.0,22.3,48.5,27.6,44.0,80.3,1.1
16.0,23.0,46.2,30.2,41.2,81.6,1.1
14.2,23.1,44.7,28.3,41.2,83.4,1.1
15.0,21.9,49.1,27.4,38.1,77.8,1.1
16.5,22.5,44.3,28.4,41.9,84.4,1.1
15.3,22.3,44.7,31.3,45.1,78.1,1.1
17.5,22.8,47.7,29.9,40.1,89.7,1.1
16.4,23.5,46.3,30.8,40.4,80.7,1.1
16.3,24.6,44.0,26.8,39.9,82.9,1.1
15.9,23.1,47.0,29.9,44.5,90.0,1.1
13.8,23.3,46.3,29.4,41.3,84.5,1.1
15.9,24.6,44.9,28.8,45.6,81.1,1.1
16.5,21.3,45.3,28.3,41.2,85.7,1.1
16.8,20.8,47.7,28.2,41.4,84.4,1.1
17.4,23.1,48.1,29.5,44.3,84.5,1.1
17.2,23.2,44.2,29.9,41.3,90.0,1.1
15.7,22.7,48.5,27.2,42.1,83.6,1.1
15.5,22.2,45.5,30.2,39.2,82.8,1.1
15.8,19.7,49.2,28.4,39.0,82.8,1.1
15.2,24.3,49.0,30.8,40.8,83.2,1.1
15.0,22.2,46.3,29.4,43.6,83.7,1.1
16.3,22.6,44.5,28.5,41.1,82.9,1.1
14.2,23.7,48.2,28.1,38.9,86.1,1.1
16.3,21.6,45.4,28.7,36.3,82.1,1.1
14.7,22.3,45.8,31.4,42.8,80.4,1.1
18.3,23.4,46.1,29.9,40.4,84.7,1.1
15.7,22.6,46.2,28.9,40.8,86.7,1.1
16.3,23.1,45.3,28.4,38.8,84.1,1.1
14.6,23.0,46.8,31.0,39.8,88.3,1.1
14.1,23.1,42.4,28.0,42.4,87.0,1.1
15.2,22.4,49.2,27.7,44.8,81.4,1.1
18.2,22.5,44.3,26.4,39.4,87.7,1.1
15.5,22.5,45.9,32.3,44.7,85.2,1.1
15.3,24.0,46.6,29.6,44.4,85.8,1.1
16.3,22.1,43.8,30.2,44.4,79.8,1.1
16.3,23.2,46.3,29.7,46.5,77.6,1.1
15.6,20.4,47.9,29.0,38.9,83.9,1.1
17.4,22.8,47.5,30.6,41.6,83.9,1.1
16.5,21.3,46.6,28.7,44.1,84.1,1.1
15.3,24.7,48.1,27.9,40.2,80.7,1.1
15.0,21.9,44.8,32.0,39.1,83.4,1.1
16.9,24.9,43.9,31.0,40.7,86.4,1.1
17.3,22.9,45.8,31.0,43.8,80.2,1.1
16.3,23.4,44.9,28.3,40.6,90.4,1.2
15.9,22.6,46.3,28.4,44.2,80.2,1.2
17.1,21.6,45.7,29.3,42.8,86.3,1.2
16.7,20.6,46.2,31.4,43.8,80.1,1.2
17.1,21.1,45.2,32.4,40.1,81.7,1.2
17.1,23.0,46.5,30.5,40.7,83.5,1.2
16.8,22.1,45.9,29.1,42.7,83.9,1.2
15.2,22.9,46.4,28.1,41.9,81.8,1.2
16.9,23.0,44.9,30.7,41.1,85.5,1.2
14.3,22.8,49.4,29.8,42.7,84.3,1.2
16.6,23.8,44.2,29.0,40.5,85.3,1.2
16.7,23.6,47.4,30.7,43.2,83.8,1.2
16.4,22.7,45.9,27.9,43.6,84.0,1.2
15.9,22.8,48.0,31.4,41.8,80.9,1.2
16.6,23.9,45.9,30.5,40.3,91.7,1.2
17.4,23.5,45.7,30.4,43.7,87.9,1.2
16.1,23.7,48.3,28.7,42.7,87.0,1.2
16.6,22.1,48.2,28.2,40.3,83.8,1.2
15.0,22.9,42.9,30.2,42.1,79.9,1.2
18.6,22.4,46.0,31.1,41.7,94.0,1.2
14.6,22.0,47.0,31.1,45.4,79.3,1.2
14.0,23.5,44.9,30.3,44.1,80.6,1.2
16.2,22.1,45.9,26.5,42.3,86.6,1.2
16.9,22.9,46.4,29.0,39.3,82.1,1.2
16.5,24.0,43.9,28.1,41.6,77.7,1.2
15.9,21.9,43.2,28.7,42.7,88.0,1.2
16.3,22.9,46.1,29.7,46.1,85.1,1.2
16.4,21.6,48.1,28.3,43.6,84.9,1.2
15.8,21.8,45.0,30.6,40.9,87.2,1.2
15.1,20.5,46.0,26.9,42.9,78.7,1.2
15.2,23.1,45.3,29.3,41.3,81.1,1.2
17.6,23.2,45.5,30.0,40.2,84.8,1.2
16.0,22.4,46.4,30.0,41.5,84.3,1.2
14.7,21.4,46.4,28.1,40.0,80.1,1.2
14.4,23.2,47.3,28.2,43.0,84.3,1.2
16.4,21.3,43.4,28.1,42.8,81.7,1.2
15.2,22.2,46.5,29.0,41.7,83.0,1.2
17.5,21.4,46.9,29.5,42.4,82.2,1.2
15.8,23.6,44.0,31.3,43.0,83.6,1.2
16.7,21.6,45.7,28.1,41.2,87.9,1.2
15.0,24.2,47.4,28.6,40.6,87.2,1.2
14.9,22.1,46.9,31.2,41.1,83.8,1.2
16.2,21.2,47.0,31.5,39.8,83.1,1.2
15.5,22.6,45.8,28.5,41.6,82.9,1.2
18.0,22.7,47.6,29.0,40.5,85.2,1.2
14.9,21.9,47.9,27.5,42.3,80.9,1.2
16.1,22.9,46.4,31.0,42.5,79.6,1.2
16.9,20.4,45.9,26.8,40.2,84.0,1.2
16.9,21.8,43.3,29.8,43.7,86.3,1.2
17.0,23.0,46.7,29.0,44.0,88.4,1.2
15.4,24.2,45.6,29.1,42.2,90.3,1.3
15.6,21.2,46.5,32.0,39.7,87.0,1.3
16.2,22.5,47.0,31.5,40.8,80.8,1.3
16.6,22.2,43.7,31.4,42.4,90.9,1.3
16.8,21.4,46.4,29.6,41.8,88.2,1.3
17.1,22.7,46.7,31.0,45.5,88.0,1.3
15.6,23.0,48.0,31.9,39.8,84.2,1.3
17.3,23.1,46.8,29.1,37.7,84.1,1.3
15.5,24.8,47.0,29.6,39.9,86.8,1.3
16.1,23.7,46.4,29.1,41.3,85.0,1.3
17.1,22.0,46.7,28.9,46.3,85.4,1.3
17.6,22.2,44.5,30.4,38.7,91.3,1.3
16.5,23.1,48.3,30.5,42.7,86.4,1.3
18.0,25.7,44.4,30.8,40.4,89.4,1.3
15.8,24.5,45.0,30.3,38.3,86.9,1.3
17.1,20.5,46.2,27.4,41.5,79.4,1.3
16.7,21.7,46.1,26.9,41.8,90.2,1.3
16.9,19.9,45.2,30.0,43.4,81.2,1.3
14.9,21.6,46.4,29.3,43.7,85.4,1.3
17.0,22.1,46.0,29.9,41.3,83.8,1.3
17.1,21.9,45.7,33.2,39.6,79.7,1.3
17.1,23.5,44.0,28.8,42.0,90.1,1.3
17.3,23.1,45.8,28.3,36.8,82.9,1.3
17.1,21.0,46.6,29.9,41.1,85.9,1.3
19.2,22.5,46.7,31.4,41.6,87.4,1.3
16.5,21.6,46.4,28.9,42.8,86.7,1.3
16.1,23.3,46.5,32.2,43.4,88.2,1.3
15.7,22.8,46.6,28.6,43.1,82.3,1.3
15.6,21.1,45.9,28.2,44.6,87.0,1.3
14.3,22.2,45.7,29.3,42.7,84.2,1.3
14.4,23.9,45.8,30.9,41.1,90.3,1.3
15.9,21.5,48.3,31.3,42.6,88.7,1.3
15.3,23.2,45.2,29.8,42.9,89.0,1.3
15.6,23.9,47.5,29.8,42.6,80.8,1.3
17.7,22.4,46.5,29.9,43.0,84.4,1.3
14.8,24.2,45.6,31.7,40.9,90.0,1.3
15.3,22.0,45.9,29.6,38.7,83.9,1.3
15.2,21.7,48.8,31.4,42.9,86.2,1.3
16.3,23.7,48.0,28.9,45.8,84.6,1.3
16.7,23.5,46.1,29.8,41.7,85.1,1.3
16.6,21.1,42.2,30.9,45.8,86.4,1.3
16.6,22.5,47.8,30.6,42.3,83.7,1.3
16.1,23.1,45.4,30.1,41.0,88.3,1.3
16.8,22.3,43.4,29.0,42.6,85.3,1.3
16.1,23.6,45.1,29.3,44.1,84.4,1.3
15.4,22.4,46.9,27.7,42.2,83.8,1.3
16.0,22.9,45.4,30.0,43.1,90.7,1.3
16.7,24.9,45.1,28.7,41.3,83.9,1.3
16.6,23.9,42.5,29.4,42.4,86.5,1.3
14.8,19.6,47.0,26.4,41.5,88.6,1.3
15.4,22.7,45.2,30.8,40.8,83.4,1.4
15.2,22.3,45.3,31.1,37.3,83.8,1.4
16.9,24.4,45.4,31.6,39.2,86.5,1.4
17.2,22.6,47.9,30.9,39.4,79.2,1.4
16.8,22.9,46.1,28.3,44.0,92.0,1.4
16.8,21.0,44.4,28.0,45.7,84.5,1.4
16.3,20.8,47.5,32.6,42.3,90.7,1.4
14.8,22.8,49.4,29.5,44.4,86.4,1.4
16.5,22.8,44.5,31.1,42.8,89.6,1.4
17.8,22.5,44.8,30.8,45.0,83.8,1.4
16.0,22.5,46.9,31.9,42.4,88.6,1.4
17.3,22.5,45.3,30.8,39.0,83.0,1.4
16.2,22.0,44.7,28.4,40.8,80.3,1.4
14.8,23.8,47.6,30.3,43.7,92.6,1.4
16.5,24.1,47.0,29.2,43.4,85.0,1.4
16.1,23.8,43.8,31.2,42.1,81.9,1.4
15.5,22.2,44.1,28.8,43.2,83.4,1.4
14.7,22.0,47.2,28.9,44.4,82.4,1.4
14.6,23.1,46.7,30.1,42.0,86.5,1.4
17.5,22.7,45.6,29.8,45.0,83.0,1.4
15.3,21.8,47.7,30.4,42.7,90.0,1.4
15.9,23.3,44.4,29.5,44.8,91.4,1.4
15.7,20.9,46.9,31.5,43.4,87.8,1.4
16.5,24.5,47.7,27.3,42.3,89.2,1.4
14.8,21.7,45.3,29.4,43.0,86.2,1.4
14.7,23.0,47.2,27.3,43.1,85.6,1.4
17.0,22.9,44.9,30.7,42.3,88.1,1.4
18.4,22.1,46.2,30.8,45.4,84.6,1.4
15.8,21.5,46.3,29.4,43.4,81.1,1.4
18.4,22.9,45.0,31.9,44.3,79.2,1.4
16.5,22.0,45.5,30.6,43.3,84.3,1.4
16.9,23.1,47.4,29.4,40.1,86.8,1.4
15.0,21.7,44.7,30.9,41.9,88.9,1.4
17.4,21.7,46.7,32.0,44.8,87.8,1.4
16.0,23.1,47.4,30.2,44.7,86.0,1.4
13.8,22.8,47.0,29.4,42.8,83.2,1.4
14.1,24.0,44.5,30.8,39.1,85.3,1.4
15.2,22.9,44.9,32.3,44.9,83.6,1.4
14.1,22.8,45.3,30.6,42.0,81.0,1.4
16.1,22.3,46.9,29.6,44.4,89.9,1.4
17.0,20.7,45.0,28.4,43.4,88.0,1.4
17.8,22.1,45.4,29.1,43.2,87.8,1.4
16.6,21.4,44.1,32.1,43.6,90.1,1.4
18.2,23.4,47.9,28.1,44.3,89.9,1.4
16.8,22.7,46.7,29.5,40.7,88.9,1.4
16.9,23.4,46.9,30.9,45.5,90.2,1.4
17.4,21.4,46.6,29.7,44.5,82.2,1.4
14.7,23.0,45.3,29.1,44.1,86.2,1.4
15.4,22.0,45.4,31.7,43.0,87.5,1.4
17.4,20.4,44.3,31.7,46.3,83.9,1.4
16.8,22.4,46.7,29.4,40.7,82.7,1.5
16.3,21.4,47.7,31.9,44.0,89.4,1.5
15.4,22.2,46.6,29.9,41.6,86.9,1.5
17.4,23.1,49.2,31.3,41.7,85.9,1.5
17.1,22.5,45.3,32.6,45.7,83.2,1.5
15.5,23.3,45.2,31.1,45.3,88.9,1.5
17.1,21.6,49.0,31.1,42.8,86.7,1.5
16.9,22.5,46.0,28.1,42.3,88.5,1.5
17.2,23.5,44.7,31.4,43.0,91.6,1.5
16.7,22.1,47.1,30.7,42.8,84.4,1.5
16.6,23.4,45.3,29.2,46.9,84.7,1.5
16.4,22.0,45.7,32.1,41.0,91.8,1.5
16.1,21.4,48.9,32.0,42.3,85.2,1.5
15.4,22.6,47.3,30.0,45.1,88.0,1.5
17.3,22.1,44.5,30.5,45.8,90.5,1.5
14.2,22.6,46.4,29.9,43.8,89.0,1.5
17.6,22.4,47.5,30.4,46.0,88.7,1.5
16.1,22.2,46.9,33.3,46.1,84.1,1.5
14.3,24.0,45.4,31.8,41.8,87.6,1.5
13.5,22.6,46.0,30.9,42.8,90.8,1.5
17.1,22.9,48.0,30.1,46.9,84.7,1.5
16.8,21.0,45.3,29.8,42.0,90.7,1.5
13.4,23.1,44.3,31.4,45.1,85.4,1.5
16.5,22.4,48.2,27.8,37.8,89.8,1.5
16.3,21.0,45.8,31.8,46.7,83.2,1.5
17.0,23.3,49.4,30.4,44.7,87.5,1.5
15.5,24.1,45.7,30.3,41.6,88.1,1.5
16.2,22.0,48.6,30.0,42.5,89.6,1.5
14.7,23.1,44.5,29.5,43.5,89.4,1.5
17.4,23.5,46.5,32.1,41.5,89.5,1.5
15.6,21.6,47.1,30.5,42.3,91.8,1.5
15.9,22.5,46.5,29.6,41.5,83.1,1.5
16.1,23.1,48.0,32.2,44.5,86.8,1.5
14.9,23.3,47.0,31.0,42.5,84.4,1.5
15.9,23.5,46.1,31.7,43.2,91.6,1.5
16.7,22.7,46.1,29.9,44.6,88.6,1.5
16.4,23.6,46.9,34.4,45.8,89.6,1.5
13.2,22.8,45.4,30.9,42.8,87.2,1.5
16.3,21.5,46.8,33.2,43.5,83.8,1.5
16.4,21.2,47.2,31.3,45.4,85.0,1.5
16.8,24.2,45.7,31.6,44.4,87.4,1.5
16.4,23.7,45.7,31.0,41.3,84.8,1.5
16.6,21.1,48.0,30.5,42.6,85.8,1.5
17.0,23.3,46.7,29.8,44.9,83.6,1.5
16.1,23.6,47.3,29.3,43.9,83.9,1.5
16.4,20.3,47.3,30.8,41.5,89.3,1.5
13.2,22.9,46.6,30.8,45.9,84.1,1.5
16.0,23.3,45.2,28.3,41.5,95.7,1.5
15.9,22.5,46.5,27.7,43.1,86.6,1.5
14.4,20.5,47.2,30.6,40.9,88.9,1.5
15.6,22.3,43.7,32.0,43.8,84.3,1.6
15.9,23.3,43.3,30.1,45.2,92.7,1.6
16.1,23.9,44.8,32.2,42.3,89.4,1.6
16.2,21.7,46.1,32.2,43.4,88.0,1.6
17.1,23.5,44.6,31.1,44.4,88.7,1.6
17.0,20.7,46.3,32.5,41.6,90.2,1.6
15.7,21.8,46.2,30.5,42.4,92.5,1.6
16.9,20.4,45.3,32.3,43.7,92.0,1.6
18.9,23.1,46.4,30.4,44.9,80.6,1.6
17.3,22.7,45.9,33.0,48.6,91.1,1.6
15.0,22.5,43.6,30.5,42.3,86.4,1.6
15.8,25.7,48.2,31.5,43.9,88.9,1.6
15.3,21.3,46.8,29.4,44.4,86.6,1.6
17.7,21.7,46.8,30.2,45.9,91.4,1.6
17.9,22.8,47.1,32.2,43.0,86.1,1.6
16.2,21.5,46.1,30.0,41.5,86.8,1.6
16.9,22.2,44.6,28.7,41.7,90.5,1.6
17.3,22.1,44.4,29.7,43.2,90.4,1.6
17.7,23.4,46.4,31.6,42.3,86.9,1.6
16.0,23.9,48.1,29.3,44.4,91.7,1.6
17.8,23.0,45.4,33.7,44.5,90.2,1.6
16.2,23.7,42.8,30.6,44.4,84.6,1.6
16.9,22.6,48.0,33.5,46.2,87.1,1.6
16.1,22.7,45.0,32.7,41.1,90.2,1.6
15.0,22.2,46.8,33.9,46.0,86.2,1.6
17.3,22.9,44.0,31.6,46.4,90.8,1.6
16.8,22.3,44.6,30.9,46.1,88.3,1.6
16.1,21.7,47.8,31.0,44.6,86.5,1.6
16.3,21.6,43.0,30.8,46.8,93.1,1.6
16.5,23.0,42.8,29.0,41.2,92.6,1.6
16.2,23.2,48.6,29.4,45.7,89.3,1.6
18.7,20.5,47.2,30.9,44.1,89.0,1.6
16.3,23.3,50.8,31.1,45.1,86.5,1.6
15.9,20.8,45.6,32.4,42.2,87.2,1.6
16.8,21.9,45.9,32.3,41.4,91.6,1.6
16.1,22.7,45.4,33.6,45.4,88.5,1.6
16.7,22.5,45.0,28.1,48.0,88.9,1.6
15.1,21.6,45.5,31.0,40.7,95.3,1.6
17.6,23.3,46.9,33.2,44.0,84.8,1.6
15.7,24.2,46.7,32.3,48.7,95.0,1.6
15.5,23.4,47.7,32.0,40.5,88.0,1.6
16.2,23.3,46.7,28.1,43.9,91.8,1.6
15.2,23.3,46.2,31.7,43.4,84.8,1.6
17.4,22.3,44.1,31.0,43.1,87.5,1.6
17.9,22.6,46.6,32.3,43.5,88.6,1.6
14.8,22.8,46.3,29.5,43.5,90.3,1.6
17.8,21.6,46.3,31.3,46.0,89.5,1.6
18.7,22.6,46.9,31.4,41.8,91.3,1.6
15.6,21.2,48.7,31.4,42.5,83.0,1.6
15.2,21.8,46.2,31.1,43.2,91.1,1.6
16.4,23.0,46.4,33.2,45.4,90.3,1.7
16.4,22.1,49.9,30.1,44.5,86.3,1.7
16.9,24.3,45.2,31.6,41.6,89.1,1.7
15.9,22.3,46.0,29.3,46.1,85.4,1.7
16.3,22.7,46.3,32.7,43.1,88.7,1.7
16.8,21.0,46.2,32.3,46.1,90.7,1.7
15.7,22.0,46.9,32.4,45.9,87.4,1.7
16.5,22.5,45.8,33.2,43.6,92.2,1.7
15.5,23.1,45.3,32.8,45.1,96.4,1.7
19.3,22.4,44.4,30.3,44.4,89.9,1.7
16.4,23.4,47.6,32.1,40.3,89.2,1.7
15.2,22.9,44.2,30.9,44.1,87.2,1.7
18.1,21.3,43.3,31.0,42.4,91.2,1.7
15.9,22.4,46.7,31.5,44.5,90.2,1.7
16.6,21.7,48.7,33.2,40.5,88.4,1.7
15.7,20.7,45.5,30.7,44.3,91.2,1.7
17.3,22.3,45.4,33.2,43.7,87.0,1.7
17.2,23.8,45.4,31.9,46.0,96.7,1.7
15.3,22.4,46.7,30.1,44.5,89.8,1.7
15.8,22.1,44.3,32.2,45.4,90.4,1.7
15.4,25.5,44.5,34.3,44.4,88.8,1.7
17.3,24.4,46.9,31.0,45.3,91.3,1.7
18.4,21.2,47.9,30.1,43.9,90.4,1.7
15.5,23.3,47.1,31.9,46.1,89.2,1.7
14.8,23.4,46.8,33.1,44.4,87.7,1.7
14.9,21.8,44.4,30.2,43.3,88.1,1.7
18.4,23.8,45.0,31.0,42.9,84.6,1.7
15.5,23.7,45.3,32.1,45.3,93.1,1.7
18.9,21.4,47.2,29.6,45.9,93.4,1.7
15.1,21.8,46.2,31.0,46.0,85.1,1.7
16.9,24.2,46.8,30.7,45.7,92.6,1.7
17.2,24.2,46.8,29.8,47.1,87.7,1.7
16.2,22.7,47.3,29.4,42.6,93.5,1.7
16.0,23.5,47.0,32.7,45.0,88.9,1.7
15.5,21.8,44.7,31.3,46.6,89.1,1.7
16.5,21.9,45.7,31.2,46.9,87.1,1.7
16.9,22.8,44.3,29.4,44.0,88.9,1.7
16.3,22.1,46.5,33.3,44.8,90.1,1.7
16.1,22.8,47.9,32.4,40.9,87.9,1.7
15.5,22.2,47.3,30.5,43.4,88.0,1.7
15.8,22.3,48.6,30.1,45.3,84.4,1.7
16.4,23.2,46.7,31.2,40.0,83.5,1.7
17.2,21.0,44.8,31.9,46.7,87.9,1.7
16.5,22.7,44.7,28.9,43.9,89.4,1.7
16.0,22.1,48.5,31.4,41.4,93.6,1.7
16.3,23.0,47.2,29.8,42.2,86.2,1.7
15.8,22.0,45.2,35.5,39.9,91.3,1.7
16.4,23.9,43.9,30.3,47.8,92.1,1.7
16.5,22.7,46.4,29.7,40.1,87.4,1.7
17.1,20.7,46.6,29.5,46.0,90.2,1.7
16.4,21.7,46.1,30.3,44.1,92.2,1.8
17.5,22.1,45.3,29.8,47.2,90.0,1.8
17.0,22.2,43.2,30.9,46.7,88.5,1.8
15.1,23.5,46.0,31.2,42.5,90.7,1.8
16.3,21.8,43.5,31.8,46.2,93.5,1.8
16.0,23.3,45.2,31.0,43.7,90.9,1.8
16.3,22.0,45.2,32.0,47.3,91.6,1.8
16.1,21.2,48.8,30.8,43.8,92.8,1.8
16.4,24.3,44.5,32.5,42.1,89.3,1.8
16.1,21.6,45.8,33.5,47.7,88.7,1.8
15.6,20.6,46.1,32.0,46.2,93.9,1.8
16.5,24.1,46.7,32.5,45.4,89.6,1.8
18.0,22.4,46.1,31.5,43.9,90.1,1.8
16.8,22.7,46.2,31.3,47.1,96.5,1.8
16.8,21.9,45.6,28.5,46.4,91.0,1.8
18.4,23.0,44.2,31.5,46.9,89.4,1.8
17.9,23.3,46.9,31.9,43.6,84.0,1.8
17.2,21.5,42.3,32.3,42.1,89.1,1.8
17.1,23.2,46.5,31.7,44.6,91.0,1.8
17.0,21.4,43.9,33.9,41.9,92.1,1.8
15.7,21.7,45.2,30.9,43.6,92.8,1.8
16.2,23.9,45.0,33.7,44.9,90.0,1.8
18.8,21.5,45.6,34.0,45.3,90.1,1.8
18.0,23.8,45.8,30.2,46.8,95.6,1.8
16.8,22.1,48.1,31.5,41.6,96.7,1.8
17.0,22.5,44.0,30.6,45.7,90.1,1.8
17.1,21.5,46.1,32.2,47.0,90.5,1.8
17.0,23.7,47.2,31.1,46.4,90.7,1.8
15.8,22.2,45.6,32.5,42.9,90.6,1.8
16.5,21.2,46.2,30.6,41.0,88.6,1.8
16.7,23.8,45.0,34.9,47.0,95.5,1.8
17.9,22.0,45.7,31.1,39.4,94.1,1.8
14.6,23.0,45.7,30.9,45.7,94.0,1.8
16.2,22.4,47.6,32.2,45.8,90.0,1.8
16.0,23.5,46.2,32.7,45.3,86.8,1.8
16.4,22.1,42.3,33.1,48.4,93.7,1.8
16.2,22.3,43.5,31.8,44.3,91.8,1.8
16.2,22.9,47.6,30.7,45.9,95.7,1.8
17.2,22.7,46.6,30.9,45.6,88.4,1.8
15.3,22.3,46.5,30.9,46.3,96.8,1.8
17.7,23.4,43.5,33.2,43.8,82.1,1.8
17.3,22.4,46.3,31.2,48.0,94.9,1.8
15.5,23.6,46.1,31.9,47.2,88.0,1.8
15.4,22.6,43.9,34.1,43.6,90.4,1.8
17.1,20.9,48.1,31.3,42.0,92.7,1.8
19.2,21.3,46.2,35.8,45.0,88.7,1.8
15.8,21.6,45.6,32.3,47.6,91.7,1.8
14.8,23.8,45.4,30.6,45.0,88.9,1.8
14.6,22.9,44.6,30.2,44.6,90.8,1.8
15.6,22.5,47.0,34.6,46.0,89.4,1.8
15.7,22.2,43.0,32.4,45.0,91.8,1.9
18.2,22.7,44.6,33.9,46.0,89.3,1.9
15.9,23.0,45.7,33.8,46.2,92.8,1.9
18.1,21.8,45.2,33.3,41.6,90.3,1.9
16.1,22.7,46.0,31.8,43.0,85.0,1.9
16.1,22.0,45.7,32.3,45.5,94.7,1.9
16.4,22.9,44.6,33.4,48.2,89.8,1.9
16.7,22.2,46.4,32.5,42.5,86.3,1.9
15.1,24.0,44.1,32.5,43.4,91.5,1.9
16.0,22.1,47.4,32.2,43.3,93.4,1.9
14.9,22.7,45.6,32.5,46.4,88.7,1.9
14.7,24.5,45.9,33.4,45.2,92.3,1.9
15.0,23.0,45.6,33.5,43.7,92.6,1.9
15.7,23.1,49.3,32.5,46.8,87.9,1.9
18.3,20.8,46.3,32.3,46.6,91.3,1.9
16.5,22.3,46.0,30.0,40.4,92.5,1.9
15.7,22.9,45.8,37.1,44.9,93.2,1.9
16.5,20.3,45.6,31.9,49.0,95.2,1.9
17.8,22.8,44.9,36.5,44.9,95.0,1.9
16.5,21.3,45.7,28.8,46.8,89.2,1.9
17.5,22.0,43.6,32.5,45.9,88.3,1.9
17.7,22.4,45.9,32.3,45.5,92.1,1.9
15.9,20.7,48.3,30.8,47.0,92.2,1.9
15.1,21.1,42.9,30.6,44.2,92.7,1.9
15.3,21.7,45.3,33.6,44.3,100.4,1.9
15.4,21.2,43.4,32.8,44.4,93.5,1.9
15.7,23.8,48.0,29.1,44.4,90.7,1.9
15.7,21.9,45.1,32.0,41.8,89.9,1.9
16.5,23.0,44.8,31.5,44.6,89.7,1.9
16.7,21.8,46.6,34.4,43.4,86.8,1.9
14.8,21.1,48.6,28.9,48.2,93.7,1.9
16.0,22.4,47.2,31.4,43.7,84.8,1.9
17.3,21.0,47.8,30.4,42.3,93.0,1.9
13.8,22.4,47.7,32.5,47.6,91.4,1.9
13.4,24.3,44.8,31.1,44.6,91.1,1.9
16.7,22.4,44.8,33.2,45.2,95.4,1.9
15.2,23.8,46.4,33.7,41.6,93.6,1.9
15.5,23.3,46.4,33.4,45.6,86.4,1.9
15.5,22.7,42.7,34.3,46.2,88.7,1.9
14.8,23.8,49.5,35.0,46.3,95.3,1.9
14.8,23.1,47.4,30.5,46.9,91.6,1.9
14.8,22.7,46.2,31.6,47.7,86.6,1.9
17.2,22.5,47.0,31.4,47.0,93.2,1.9
18.4,22.6,44.1,31.8,49.5,89.2,1.9
17.6,22.9,45.2,34.5,45.6,94.2,1.9
14.2,23.0,45.2,33.9,45.4,93.7,1.9
16.8,21.6,48.6,35.0,46.6,92.4,1.9
15.8,21.8,46.2,35.5,46.2,96.4,1.9
16.6,21.6,46.9,33.1,44.6,93.3,1.9
15.1,23.1,44.4,33.8,45.7,95.1,1.9
15.8,22.4,47.4,31.2,44.6,89.9,2.0
15.5,22.5,46.8,32.4,42.7,96.1,2.0
15.5,24.8,46.4,33.2,48.1,94.1,2.0
16.7,25.1,45.7,32.7,47.8,93.4,2.0
14.8,20.6,45.2,32.4,46.1,95.9,2.0
15.4,21.2,46.2,30.4,45.0,94.2,2.0
17.2,23.5,48.0,34.2,42.5,95.2,2.0
15.9,22.6,48.4,36.2,45.2,93.0,2.0
17.4,22.2,47.4,30.9,44.2,96.8,2.0
17.4,25.2,47.0,33.4,48.9,92.9,2.0
18.7,22.8,45.7,33.0,47.3,91.6,2.0
15.8,23.2,43.9,31.6,48.1,95.3,2.0
15.6,21.3,44.8,33.2,46.8,97.8,2.0
16.7,23.8,46.3,30.9,48.5,97.3,2.0
14.8,22.9,46.1,32.8,45.2,91.8,2.0
15.5,22.7,47.2,34.0,46.1,92.2,2.0
15.6,22.0,46.5,31.2,46.0,93.4,2.0
17.4,24.9,44.8,31.2,46.6,90.0,2.0
15.1,23.1,44.8,33.7,44.4,95.8,2.0
15.5,23.1,45.6,32.6,43.8,95.2,2.0
16.5,24.1,45.0,32.7,46.2,90.4,2.0
14.9,22.9,45.3,34.7,48.9,90.3,2.0
15.2,23.7,45.3,35.7,45.9,90.3,2.0
16.3,22.6,47.2,33.0,47.8,91.2,2.0
16.0,21.1,46.5,33.8,45.4,92.9,2.0
15.5,23.3,46.8,35.7,44.1,90.4,2.0
14.8,22.7,47.4,32.7,44.0,93.0,2.0
15.7,23.7,45.9,31.0,42.8,97.4,2.0
16.5,22.2,44.1,32.7,46.8,90.0,2.0
15.1,24.2,47.4,33.4,45.3,92.2,2.0
18.3,22.5,45.0,34.3,45.3,87.5,2.0
17.6,23.7,44.5,33.5,48.2,92.6,2.0
16.2,21.2,45.4,31.9,47.8,84.6,2.0
15.2,24.9,48.9,32.5,45.2,91.0,2.0
16.5,22.5,45.1,31.2,49.0,91.5,2.0
15.0,21.7,43.7,34.4,46.1,91.3,2.0
17.7,23.8,46.1,32.9,43.5,91.9,2.0
16.0,21.2,46.7,32.8,49.6,94.3,2.0
16.0,22.4,42.4,34.1,44.6,93.6,2.0
16.4,21.8,46.7,32.6,47.8,90.8,2.0
17.3,22.0,46.9,32.6,44.0,96.7,2.0
17.3,22.0,45.6,33.7,47.2,87.6,2.0
14.1,24.0,44.1,36.9,46.5,91.5,2.0
17.1,22.4,46.6,31.4,45.2,96.9,2.0
17.3,23.6,46.9,32.0,46.2,92.9,2.0
15.3,22.2,46.3,32.4,47.4,92.4,2.0
16.4,22.7,46.4,34.3,45.5,89.1,2.0
15.7,21.6,47.2,34.3,47.9,90.9,2.0
17.8,23.1,46.8,35.1,45.2,92.0,2.0
15.2,22.2,45.2,31.1,47.2,89.9,2.0
17.5,20.6,47.6,33.0,43.6,96.8,2.1
16.4,22.4,47.9,32.1,48.2,93.7,2.1
17.1,24.9,45.3,31.5,47.7,97.3,2.1
16.3,22.2,48.1,34.7,46.3,97.6,2.1
17.0,24.0,46.3,32.6,43.7,92.4,2.1
16.0,22.5,46.3,35.3,43.8,92.6,2.1
16.3,21.7,46.0,34.3,45.6,94.4,2.1
16.4,22.2,48.0,33.1,46.2,94.0,2.1
15.3,21.2,47.2,31.6,45.1,102.3,2.1
14.8,20.6,43.9,30.2,46.0,100.4,2.1
17.0,24.0,48.8,34.7,48.8,92.4,2.1
15.9,22.3,45.8,32.9,41.9,91.5,2.1
17.4,23.0,46.2,35.0,49.1,93.4,2.1
14.9,22.1,45.9,34.7,46.6,100.1,2.1
14.9,23.4,47.3,34.0,49.0,93.9,2.1
15.7,21.7,47.3,30.4,46.5,89.2,2.1
14.9,22.9,44.9,33.5,43.9,96.6,2.1
17.7,22.5,46.6,32.8,47.5,95.5,2.1
16.2,20.8,46.6,32.7,46.9,95.3,2.1
17.8,23.1,45.8,33.9,45.1,90.1,2.1
16.5,22.0,46.9,31.6,44.9,97.9,2.1
15.9,22.0,42.2,32.1,49.5,98.0,2.1
16.0,21.2,45.7,31.1,43.8,94.4,2.1
16.2,21.2,47.5,34.1,47.6,88.2,2.1
15.9,20.3,46.6,34.5,44.7,91.6,2.1
15.7,21.1,44.6,32.9,48.4,90.7,2.1
16.5,22.2,44.2,31.5,48.5,91.9,2.1
17.1,21.7,45.4,33.1,47.7,90.3,2.1
16.0,22.7,42.6,34.1,45.2,94.1,2.1
15.4,22.3,46.6,30.6,47.7,97.1,2.1
16.0,23.3,49.9,34.3,42.4,91.3,2.1
17.7,22.7,44.8,33.0,43.7,95.2,2.1
16.7,23.6,47.9,34.7,47.8,90.9,2.1
15.1,23.0,44.1,33.2,45.8,97.6,2.1
16.8,21.4,48.3,34.9,46.0,97.8,2.1
16.0,22.7,45.1,35.6,48.3,91.7,2.1
16.7,22.2,46.0,35.8,46.8,85.8,2.1
16.6,22.3,46.1,32.8,48.1,97.3,2.1
16.8,24.1,48.0,33.3,44.9,95.7,2.1
17.0,22.1,44.6,32.3,48.1,91.1,2.1
16.2,22.7,45.6,33.7,41.2,88.7,2.1
16.9,22.6,47.9,30.9,44.9,95.1,2.1
14.9,22.5,47.8,33.9,45.0,93.1,2.1
17.7,22.4,48.3,34.3,49.3,93.0,2.1
16.1,22.8,48.1,33.3,47.9,98.4,2.1
15.9,22.8,47.9,33.1,43.9,100.4,2.1
14.5,22.3,46.5,32.4,44.5,94.7,2.1
16.4,24.0,45.7,32.9,43.4,98.7,2.1
15.2,24.1,45.2,32.0,47.0,93.3,2.1
15.7,20.8,48.7,30.5,49.2,92.4,2.1
16.8,22.5,43.6,31.8,47.2,97.9,2.2
16.5,23.3,47.6,32.5,47.5,92.8,2.2
16.3,23.7,49.7,31.9,51.5,97.5,2.2
16.5,23.0,46.1,31.6,46.7,88.1,2.2
17.8,22.0,46.8,32.7,43.0,96.3,2.2
15.6,21.8,45.5,31.4,48.0,94.0,2.2
16.3,21.5,48.8,34.3,44.5,94.0,2.2
18.1,23.1,44.7,32.4,45.8,92.3,2.2
16.0,21.8,46.6,35.4,47.5,96.0,2.2
17.9,22.5,46.6,32.9,50.8,91.4,2.2
13.6,21.9,44.7,35.0,45.9,97.8,2.2
17.0,22.8,45.1,31.8,46.7,96.3,2.2
17.1,22.6,44.8,34.3,47.4,98.0,2.2
16.6,23.3,46.1,32.7,46.0,94.2,2.2
15.4,20.8,45.1,33.7,47.4,93.6,2.2
16.8,23.1,44.5,34.4,45.7,94.5,2.2
15.5,23.8,45.9,35.2,49.4,91.8,2.2
15.2,22.2,46.2,30.4,44.3,94.4,2.2
17.8,24.0,46.6,35.9,46.6,98.4,2.2
16.3,24.3,47.4,30.8,48.1,98.3,2.2
13.8,22.1,47.9,34.6,49.3,96.2,2.2
18.1,24.3,44.8,32.5,46.7,92.1,2.2
16.8,23.4,46.6,33.9,45.8,97.0,2.2
15.9,21.0,43.9,38.1,45.1,90.1,2.2
16.9,22.1,45.9,32.2,45.3,92.3,2.2
16.7,20.7,42.6,35.1,45.6,94.4,2.2
16.5,23.4,45.8,34.2,48.1,101.4,2.2
16.8,24.7,46.6,34.2,50.5,88.8,2.2
16.4,20.4,44.4,36.2,45.9,95.1,2.2
16.7,23.4,45.9,32.1,48.8,97.8,2.2
16.1,23.3,45.5,35.5,47.2,95.4,2.2
17.0,22.5,45.4,35.2,44.9,91.9,2.2
17.7,24.1,48.5,35.1,45.9,94.6,2.2
15.4,20.2,48.6,33.3,49.6,92.3,2.2
17.0,22.2,44.2,32.4,46.9,92.5,2.2
14.2,21.2,46.4,34.4,44.3,92.7,2.2
15.8,24.6,48.9,30.8,44.2,95.2,2.2
15.7,21.1,46.1,32.4,48.2,97.4,2.2
15.6,21.4,46.3,33.5,46.3,96.5,2.2
14.6,22.0,45.7,34.3,44.8,98.0,2.2
15.5,25.0,46.8,32.8,46.0,100.8,2.2
15.3,21.5,45.0,33.9,48.1,102.8,2.2
18.0,22.7,45.7,33.8,43.7,95.3,2.2
18.2,24.5,46.5,32.8,48.9,92.7,2.2
15.5,22.1,44.1,33.7,49.2,98.5,2.2
15.9,21.2,44.8,34.3,48.5,91.1,2.2
14.7,22.8,46.1,34.5,45.7,94.3,2.2
15.5,21.1,48.8,32.6,46.8,95.7,2.2
19.9,21.3,46.8,32.8,46.9,98.2,2.2
15.2,22.6,43.9,32.7,46.1,93.0,2.2
15.9,22.2,46.6,35.6,47.9,97.7,2.3
15.4,20.5,48.1,32.4,47.0,93.9,2.3
15.1,21.5,50.0,33.1,50.1,99.6,2.3
15.7,23.0,45.1,36.8,47.7,97.2,2.3
15.2,22.5,44.5,31.1,45.1,96.5,2.3
16.3,23.5,46.8,33.0,49.5,97.2,2.3
15.0,22.2,47.6,36.3,46.8,95.1,2.3
17.4,20.8,47.5,36.1,49.7,91.1,2.3
17.5,21.1,45.1,33.6,49.2,92.4,2.3
18.1,25.3,46.3,32.6,44.3,96.7,2.3
16.0,22.8,46.9,35.8,48.2,97.9,2.3
17.2,21.5,46.1,33.3,47.6,96.3,2.3
16.4,22.9,47.6,37.0,50.1,100.5,2.3
17.6,22.3,45.1,36.5,43.9,92.5,2.3
18.4,22.6,46.0,32.2,46.7,92.2,2.3
17.4,22.0,45.7,35.0,49.7,99.3,2.3
16.7,23.4,43.5,35.3,46.7,96.4,2.3
17.1,24.2,48.2,35.2,47.3,98.6,2.3
16.4,23.5,47.2,36.1,50.6,97.3,2.3
15.5,23.9,46.2,33.7,48.6,96.3,2.3
16.4,23.7,46.7,37.2,44.5,94.8,2.3
16.7,21.2,45.3,34.6,45.5,93.0,2.3
17.6,21.0,44.7,34.9,45.8,101.3,2.3
15.9,23.1,43.8,30.7,46.2,98.7,2.3
16.2,21.3,44.4,35.3,46.7,96.5,2.3
16.7,22.7,43.5,35.6,48.6,99.6,2.3
17.0,24.1,47.0,33.7,47.7,102.3,2.3
15.4,22.2,45.8,33.1,48.0,97.1,2.3
15.4,21.2,47.9,36.5,43.6,100.1,2.3
18.4,23.2,45.9,35.2,50.3,98.8,2.3
15.7,22.3,43.0,34.6,50.2,94.1,2.3
17.2,22.1,48.6,34.3,44.0,96.6,2.3
14.6,25.3,46.0,31.9,50.1,98.5,2.3
16.2,22.7,45.7,32.8,44.9,95.8,2.3
16.2,20.2,46.7,35.1,47.0,90.6,2.3
15.4,23.7,45.5,32.7,48.1,100.4,2.3
17.0,22.2,44.9,36.8,47.0,93.9,2.3
14.4,22.6,47.1,33.4,47.7,100.5,2.3
16.2,23.2,46.3,34.4,50.4,96.2,2.3
15.7,22.1,48.2,33.5,48.8,94.5,2.3
14.7,22.9,46.8,29.3,48.6,96.5,2.3
15.6,23.3,47.2,35.0,42.5,100.5,2.3
14.3,23.8,45.0,32.8,49.1,95.3,2.3
16.3,23.1,44.1,32.8,47.0,97.3,2.3
16.2,23.7,46.2,33.0,47.5,102.1,2.3
16.9,24.0,46.7,33.4,47.3,95.9,2.3
15.6,22.9,45.6,35.9,45.8,95.2,2.3
17.0,20.5,49.3,35.2,45.9,96.6,2.3
16.4,22.5,47.6,33.7,43.7,96.9,2.3
16.2,24.4,43.9,35.3,48.4,97.8,2.3
15.5,20.8,46.4,34.7,48.5,100.1,2.4
17.5,25.0,45.6,35.0,51.4,93.9,2.4
16.9,22.0,48.5,32.6,47.6,97.7,2.4
14.1,22.4,50.8,32.9,44.9,101.0,2.4
16.3,22.8,47.1,34.5,46.1,97.5,2.4
17.1,22.0,48.1,33.0,51.8,98.4,2.4
15.3,23.3,45.5,34.2,48.9,94.9,2.4
15.7,22.5,46.2,33.3,47.1,99.8,2.4
15.6,23.6,47.6,31.7,45.4,98.7,2.4
17.0,22.0,49.8,35.6,52.0,97.4,2.4
17.7,22.4,45.1,37.5,48.4,98.8,2.4
15.5,20.9,46.5,35.9,48.5,98.2,2.4
15.6,21.5,46.0,35.9,47.9,102.0,2.4
17.7,24.6,46.1,34.4,49.9,95.4,2.4
17.4,23.5,46.1,36.4,46.3,100.9,2.4
15.4,22.7,45.5,30.1,47.1,95.8,2.4
17.5,21.9,45.4,33.3,46.3,95.5,2.4
13.3,23.6,48.3,33.9,49.1,99.1,2.4
15.6,22.8,43.2,33.0,46.4,96.3,2.4
17.6,22.9,43.4,32.9,51.5,94.9,2.4
16.6,23.1,47.2,35.5,48.2,96.3,2.4
15.9,25.5,47.2,36.3,49.2,93.6,2.4
16.6,22.6,43.5,38.1,51.2,98.4,2.4
16.7,23.4,44.8,34.6,50.8,95.9,2.4
15.0,21.7,48.3,33.9,46.4,95.2,2.4
17.5,23.9,47.4,33.2,48.6,96.2,2.4
18.3,21.8,47.1,35.0,47.9,94.1,2.4
17.1,24.3,45.4,36.1,47.3,100.8,2.4
16.4,22.2,43.3,32.6,47.4,98.3,2.4
16.9,23.2,46.7,35.2,52.3,99.1,2.4
15.5,22.3,46.6,35.9,49.2,96.7,2.4
17.2,23.9,46.2,34.1,49.0,99.0,2.4
14.5,24.0,46.3,32.6,47.7,97.8,2.4
16.9,22.5,45.9,35.1,51.1,95.8,2.4
17.0,20.7,47.9,33.4,51.7,96.6,2.4
16.7,24.9,43.5,36.1,48.6,97.0,2.4
16.1,22.2,46.1,35.7,46.6,97.6,2.4
16.9,22.3,44.4,32.8,50.4,92.3,2.4
14.9,23.1,44.7,34.8,45.3,97.8,2.4
16.3,21.1,47.1,33.9,49.0,95.4,2.4
17.1,20.8,48.4,37.2,54.0,98.0,2.4
16.1,22.1,46.8,35.7,47.4,101.4,2.4
15.3,21.7,47.3,32.9,50.4,94.5,2.4
16.3,21.4,44.4,33.6,45.7,95.9,2.4
16.0,22.2,47.1,37.7,46.7,96.7,2.4
17.6,22.5,48.7,36.0,47.8,94.0,2.4
16.0,22.4,46.6,31.2,48.8,103.4,2.4
15.7,23.8,46.8,33.7,47.8,96.7,2.4
15.6,22.0,46.1,34.9,50.0,96.9,2.4
18.5,19.8,45.9,33.0,47.4,96.1,2.4
16.4,21.9,42.8,37.5,49.3,101.2,2.5
15.8,24.3,49.7,35.3,47.5,96.5,2.5
16.8,24.4,45.8,35.3,48.1,95.4,2.5
14.8,22.8,46.8,31.4,50.4,101.9,2.5
15.9,21.1,43.1,34.8,47.4,102.0,2.5
15.9,22.1,44.5,36.8,50.3,99.2,2.5
16.0,23.2,46.1,34.3,44.8,96.7,2.5
16.8,22.6,44.7,36.1,51.7,102.1,2.5
18.3,21.1,44.4,36.1,52.4,100.0,2.5
16.3,21.7,45.8,36.2,49.5,102.9,2.5
17.2,23.0,43.5,32.7,46.8,101.8,2.5
15.8,21.5,46.2,34.4,46.6,102.5,2.5
14.9,20.4,46.1,34.0,52.0,96.7,2.5
17.0,22.6,48.2,34.1,46.2,102.5,2.5
17.2,23.0,46.4,35.9,47.4,95.8,2.5
16.2,24.0,45.1,33.7,50.2,96.7,2.5
16.6,22.5,45.4,32.6,46.9,101.9,2.5
15.6,21.7,45.2,35.7,47.3,99.8,2.5
12.6,21.8,45.5,34.4,48.9,99.6,2.5
17.8,21.3,46.7,37.2,46.9,99.4,2.5
15.6,25.3,47.4,33.7,48.0,96.5,2.5
16.7,23.7,44.8,36.6,50.0,94.1,2.5
15.9,21.5,45.6,36.4,50.4,104.5,2.5
16.4,22.2,46.1,37.1,45.4,92.7,2.5
18.4,21.6,44.5,36.4,47.9,93.3,2.5
16.8,23.7,45.6,36.6,48.2,98.7,2.5
15.5,24.0,46.3,37.2,44.7,101.2,2.5
17.0,21.6,45.4,33.9,50.3,101.6,2.5
14.3,22.9,45.7,34.9,48.9,101.2,2.5
12.7,21.9,44.8,33.7,47.5,98.3,2.5
17.9,23.6,47.5,35.7,47.4,98.3,2.5
16.1,23.0,45.2,34.2,50.1,98.2,2.5
17.8,23.6,44.0,37.2,48.7,100.8,2.5
15.2,21.9,47.6,35.6,50.7,101.6,2.5
16.3,21.9,44.8,33.8,48.4,103.7,2.5
16.7,23.9,47.1,35.4,46.4,98.2,2.5
15.1,22.4,48.3,33.9,51.4,98.0,2.5
14.9,21.3,43.7,35.2,49.0,103.8,2.5
16.6,22.2,46.1,35.5,49.4,103.6,2.5
16.9,22.8,47.1,35.1,45.7,107.1,2.5
16.9,23.0,44.9,36.0,48.7,97.0,2.5
17.7,22.6,46.6,37.1,49.6,101.1,2.5
16.5,21.6,49.6,36.2,47.6,99.1,2.5
17.1,21.6,47.0,32.8,46.4,102.9,2.5
14.6,23.3,47.9,37.2,49.0,106.7,2.5
16.8,23.4,47.0,36.3,48.6,98.1,2.5
15.4,22.2,47.7,36.5,47.0,98.2,2.5
16.4,22.7,45.2,35.1,54.2,99.5,2.5
15.5,21.7,45.5,34.9,51.3,99.3,2.5
16.0,22.7,43.4,35.1,51.4,94.9,2.5
16.5,22.4,45.3,34.1,48.3,97.8,2.6
14.4,23.2,45.9,36.0,53.1,105.1,2.6
16.5,22.0,44.8,35.6,48.9,100.5,2.6
17.2,22.1,46.6,34.7,50.1,102.0,2.6
16.1,22.8,44.4,36.8,52.0,100.0,2.6
16.1,22.8,44.9,35.1,51.1,102.1,2.6
16.0,22.5,45.5,36.4,49.5,99.3,2.6
17.8,21.7,46.2,36.3,48.9,105.0,2.6
16.0,23.0,46.9,34.4,49.0,106.2,2.6
15.5,19.7,46.9,33.9,47.9,96.6,2.6
15.7,22.1,44.6,38.4,49.9,95.9,2.6
17.1,24.1,49.0,36.7,51.3,96.7,2.6
16.0,22.0,46.6,39.7,47.8,108.7,2.6
16.1,23.9,46.0,34.5,50.4,96.2,2.6
14.7,23.2,45.7,35.6,50.6,103.7,2.6
15.3,20.7,45.3,35.6,51.8,96.6,2.6
15.9,21.1,44.4,37.4,49.4,96.2,2.6
16.3,22.7,45.7,35.9,47.3,103.5,2.6
16.9,22.4,46.9,36.5,51.2,101.2,2.6
15.9,21.9,46.8,34.9,49.7,99.4,2.6
17.6,22.3,47.0,37.3,52.0,96.4,2.6
14.9,23.2,48.1,34.0,49.9,101.1,2.6
17.2,20.4,49.8,35.1,52.4,99.6,2.6
16.6,21.1,46.8,37.6,49.1,94.3,2.6
17.1,23.6,46.1,36.0,47.8,103.5,2.6
14.9,23.9,49.3,33.2,51.6,99.4,2.6
16.0,22.0,48.6,35.3,54.0,100.5,2.6
15.9,23.6,45.6,34.2,51.1,98.5,2.6
17.0,21.9,45.4,34.8,51.9,105.0,2.6
17.1,22.7,43.6,35.5,50.3,97.2,2.6
18.2,22.8,44.9,34.0,48.6,100.0,2.6
16.9,23.8,46.1,35.7,48.9,101.2,2.6
18.5,22.9,44.9,37.8,51.5,98.1,2.6
15.8,22.4,47.2,37.8,53.8,100.1,2.6
17.8,22.3,47.7,37.3,50.8,100.5,2.6
16.3,22.2,48.1,34.9,50.5,99.8,2.6
17.3,20.2,45.3,34.3,48.2,106.5,2.6
16.2,21.5,46.2,32.6,47.7,90.8,2.6
17.8,24.0,47.3,32.9,49.8,98.9,2.6
14.9,22.5,49.5,34.9,53.6,95.5,2.6
17.3,23.5,47.3,35.1,49.3,95.9,2.6
16.4,21.5,44.4,34.4,48.2,96.3,2.6
16.8,22.7,45.7,34.7,48.7,98.6,2.6
16.5,21.1,47.6,35.6,47.7,100.5,2.6
17.3,22.6,45.6,34.0,49.8,103.7,2.6
15.5,20.5,46.4,36.8,51.0,98.3,2.6
17.7,21.9,47.8,35.2,51.9,101.3,2.6
16.6,20.6,45.7,34.6,51.2,95.8,2.6
17.2,22.5,45.4,36.0,48.6,97.0,2.6
17.5,23.0,46.4,35.4,54.9,103.6,2.6
14.5,21.4,43.2,32.2,48.9,100.0,2.7
16.8,21.6,43.2,35.7,51.9,104.7,2.7
16.2,21.6,46.6,33.1,47.7,98.8,2.7
15.2,23.0,46.1,35.4,50.3,104.8,2.7
15.4,22.4,46.5,35.3,52.0,104.1,2.7
18.2,21.1,45.9,35.4,51.4,102.3,2.7
16.7,22.0,45.0,34.4,51.5,96.6,2.7
16.3,23.2,48.6,33.6,49.3,104.7,2.7
15.8,22.1,43.8,36.2,49.2,102.8,2.7
15.3,23.0,45.0,37.2,49.5,102.0,2.7
16.3,20.8,50.6,35.6,52.0,103.8,2.7
16.2,22.0,48.0,38.4,51.7,99.2,2.7
17.5,24.2,48.4,36.2,48.7,100.0,2.7
16.6,22.6,46.3,36.9,49.8,91.7,2.7
17.0,23.3,47.5,35.9,47.6,103.1,2.7
16.4,22.7,47.6,36.7,49.5,101.2,2.7
16.4,18.8,48.0,36.7,54.4,108.0,2.7
15.9,23.2,43.8,35.0,48.7,100.2,2.7
17.0,21.8,44.7,34.2,51.0,103.3,2.7
14.3,22.4,44.1,35.0,50.8,105.9,2.7
16.8,23.5,45.4,33.3,52.2,103.1,2.7
17.1,22.6,43.4,35.1,54.6,100.7,2.7
17.1,23.5,44.6,32.7,49.1,104.6,2.7
16.3,22.4,48.1,38.2,48.3,102.1,2.7
15.9,26.0,47.1,34.7,47.6,101.5,2.7
15.3,22.7,48.3,35.2,48.2,95.8,2.7
16.6,22.1,48.7,37.5,50.7,100.5,2.7
16.1,23.4,44.5,35.5,50.1,94.8,2.7
17.4,22.1,45.5,34.6,51.9,97.0,2.7
17.1,21.7,47.8,34.1,51.0,108.8,2.7
13.4,21.6,47.5,35.3,53.0,103.8,2.7
14.4,22.5,49.4,36.0,48.2,99.5,2.7
17.4,24.6,46.7,37.0,54.7,104.1,2.7
15.9,21.9,46.3,35.5,52.3,105.8,2.7
18.2,22.0,45.7,37.0,51.9,97.2,2.7
15.5,23.5,47.3,34.4,55.7,102.2,2.7
15.8,20.6,44.1,35.5,52.0,98.9,2.7
18.0,22.4,45.8,38.5,53.6,101.6,2.7
17.5,22.7,47.2,35.9,50.0,100.8,2.7
15.0,22.7,45.9,37.3,51.1,98.5,2.7
15.0,20.6,46.6,35.9,50.2,109.2,2.7
17.6,21.1,45.3,35.2,50.9,103.2,2.7
17.3,22.5,44.8,36.4,51.8,108.0,2.7
16.6,21.3,45.5,34.9,49.1,103.4,2.7
16.7,24.2,46.5,37.1,51.0,103.1,2.7
13.9,22.4,45.8,35.2,48.4,102.2,2.7
16.6,22.7,46.6,33.7,48.4,103.9,2.7
14.9,24.2,46.7,35.9,52.8,101.8,2.7
16.2,24.2,45.6,34.9,47.8,102.6,2.7
16.5,23.3,46.1,34.5,52.1,104.2,2.7
16.2,23.9,42.6,36.5,53.2,104.5,2.8
16.3,22.4,47.6,39.3,47.5,100.8,2.8
16.6,22.5,46.3,34.6,51.4,100.9,2.8
17.3,22.0,44.8,35.4,49.9,103.5,2.8
15.4,20.8,45.3,37.1,50.8,105.2,2.8
17.1,22.3,46.4,35.0,50.7,100.8,2.8
16.8,21.8,48.2,36.4,51.3,102.6,2.8
15.5,23.3,49.4,35.8,48.3,103.2,2.8
16.8,21.7,45.2,35.0,51.6,97.4,2.8
16.4,21.7,48.5,34.5,52.4,105.7,2.8
15.2,23.6,45.6,35.1,46.6,104.0,2.8
15.8,22.5,48.4,37.1,53.7,99.0,2.8
15.8,22.7,43.8,35.2,49.7,104.1,2.8
16.3,24.5,44.1,39.5,48.2,101.7,2.8
15.4,23.2,45.0,39.2,52.4,103.9,2.8
15.8,21.6,47.2,38.1,49.0,102.3,2.8
17.4,25.1,45.5,37.0,53.3,97.3,2.8
16.0,23.6,44.9,39.0,50.4,98.6,2.8
16.9,22.8,46.8,35.3,52.1,102.7,2.8
17.6,22.0,47.8,35.5,51.4,99.9,2.8
15.3,20.8,44.5,35.8,51.3,101.2,2.8
15.9,21.7,44.0,35.7,51.3,105.7,2.8
17.0,23.2,48.7,36.9,53.7,106.5,2.8
15.0,21.9,46.1,36.7,52.2,101.7,2.8
17.5,22.2,45.7,36.3,54.8,102.9,2.8
16.3,23.5,46.4,34.2,49.4,104.3,2.8
17.5,22.2,47.2,35.7,55.2,102.4,2.8
16.4,23.8,46.9,37.6,51.3,95.6,2.8
16.7,23.0,47.9,36.8,47.5,100.5,2.8
15.4,20.3,46.8,36.0,51.7,102.7,2.8
17.0,22.3,47.0,36.4,49.7,97.8,2.8
16.1,24.0,43.7,39.0,46.6,100.6,2.8
16.1,22.2,47.7,39.1,51.2,102.4,2.8
15.6,25.2,46.8,34.6,51.6,101.5,2.8
18.1,20.1,45.0,37.1,53.2,98.4,2.8
16.2,22.6,44.7,35.5,52.1,103.3,2.8
17.9,21.8,47.2,33.9,52.4,104.8,2.8
16.5,22.3,47.6,35.8,53.3,105.7,2.8
16.0,24.1,47.8,37.2,49.5,98.7,2.8
15.2,23.1,45.2,34.5,48.6,106.5,2.8
16.5,22.8,43.2,38.6,49.4,106.1,2.8
15.2,21.5,47.0,32.9,50.5,103.4,2.8
15.2,22.2,48.6,37.0,50.6,105.0,2.8
14.9,23.4,48.6,36.3,51.2,109.6,2.8
15.7,23.0,47.3,35.7,52.6,99.7,2.8
17.5,22.3,47.5,37.9,54.0,102.5,2.8
14.7,21.5,46.3,36.5,51.8,103.9,2.8
16.7,21.5,48.2,33.6,52.6,105.3,2.8
16.5,23.1,45.9,39.2,51.2,104.2,2.8
14.9,22.5,44.4,36.1,52.7,109.7,2.8
17.0,24.3,47.1,39.0,50.4,99.6,2.9
15.5,22.5,45.4,36.9,52.4,108.2,2.9
16.9,23.2,46.3,34.8,50.9,107.2,2.9
16.5,22.9,46.6,37.4,49.9,103.0,2.9
17.2,23.0,45.8,36.4,50.8,113.4,2.9
14.5,21.0,45.2,35.9,51.3,104.8,2.9
14.9,21.8,48.4,36.9,51.1,108.4,2.9
15.6,22.5,45.7,36.8,53.3,110.1,2.9
16.9,23.2,45.6,33.7,50.9,106.6,2.9
16.6,22.8,48.3,35.6,54.1,102.4,2.9
16.9,22.5,45.4,38.0,48.9,100.4,2.9
17.1,22.2,48.5,38.1,51.9,104.1,2.9
15.0,22.2,47.8,35.4,52.8,108.2,2.9
17.3,23.8,44.4,38.3,51.2,101.7,2.9
16.0,23.3,45.1,34.8,52.0,105.8,2.9
16.1,21.4,43.4,33.4,50.7,104.1,2.9
17.5,21.8,44.4,35.8,53.3,107.7,2.9
14.3,21.7,46.1,37.3,52.8,105.1,2.9
16.7,22.7,47.2,37.3,53.1,104.3,2.9
16.4,23.1,46.5,37.1,51.7,103.1,2.9
15.7,23.5,44.1,37.2,54.2,104.7,2.9
15.1,22.2,45.2,35.0,52.2,105.5,2.9
16.3,22.0,44.1,35.9,53.4,106.0,2.9
17.1,22.5,45.7,38.7,52.7,101.8,2.9
16.5,22.1,47.1,37.2,50.1,102.9,2.9
14.3,22.4,45.1,39.4,50.0,98.9,2.9
14.5,22.9,46.3,36.9,51.8,99.1,2.9
17.6,22.9,44.9,36.0,48.2,105.3,2.9
16.4,20.8,45.7,36.7,48.8,107.1,2.9
15.1,23.2,45.2,37.3,50.9,103.1,2.9
16.0,24.3,46.8,33.4,50.8,106.9,2.9
16.1,22.3,46.9,37.1,51.3,103.7,2.9
18.4,23.1,46.6,35.2,49.4,100.5,2.9
16.6,21.6,46.4,35.0,52.8,103.6,2.9
14.8,23.2,47.2,36.0,50.0,106.1,2.9
16.6,22.4,46.8,35.3,49.9,103.2,2.9
17.2,24.3,46.7,39.2,50.5,98.8,2.9
17.0,21.2,45.7,35.0,51.3,100.6,2.9
16.5,22.6,44.6,35.1,51.8,102.8,2.9
18.6,23.1,45.9,37.5,51.4,101.0,2.9
16.7,21.6,45.9,38.7,55.2,103.5,2.9
16.9,22.8,44.3,36.3,51.9,104.9,2.9
17.4,21.4,45.6,35.2,50.4,103.1,2.9
16.2,22.8,45.8,38.0,50.9,105.3,2.9
16.6,23.1,48.4,37.6,48.4,102.8,2.9
17.7,23.4,44.8,36.0,54.5,101.9,2.9
16.1,22.3,48.2,37.1,51.4,105.8,2.9
18.0,21.9,45.2,36.4,53.2,103.2,2.9
17.2,22.4,43.4,38.9,50.6,108.7,2.9
17.9,21.9,47.3,36.6,51.7,107.4,2.9
14.4,22.4,44.4,38.1,54.3,106.7,3.0
17.5,22.9,44.2,36.7,54.1,106.1,3.0
15.4,20.9,45.0,33.2,52.5,104.5,3.0
17.9,21.6,47.4,36.7,53.5,105.7,3.0
17.4,22.9,45.1,37.1,53.6,103.9,3.0
15.2,22.6,46.7,37.0,51.7,106.6,3.0
16.3,22.8,46.6,37.0,54.9,107.5,3.0
14.9,23.9,46.0,37.6,48.5,104.3,3.0
15.2,22.5,45.6,36.7,54.0,106.4,3.0
16.2,21.1,47.9,34.4,50.8,104.6,3.0
15.5,23.0,45.6,36.8,52.2,106.4,3.0
17.1,23.5,45.3,35.7,53.3,109.6,3.0
17.9,22.3,44.4,34.6,55.1,111.3,3.0
17.9,22.5,46.6,35.4,48.8,104.8,3.0
18.3,22.5,45.3,39.1,51.4,111.3,3.0
17.6,23.8,46.4,38.0,51.5,101.7,3.0
15.8,22.3,47.7,35.1,49.7,105.5,3.0
16.0,23.4,46.8,38.1,54.9,102.2,3.0
16.9,23.7,45.6,39.3,53.0,110.7,3.0
17.1,22.5,48.2,37.0,54.0,110.0,3.0
16.4,23.2,46.2,33.7,49.3,107.2,3.0
17.3,23.8,49.1,37.9,50.5,106.9,3.0
15.8,22.4,47.7,37.4,52.7,100.6,3.0
16.2,22.8,45.5,36.1,53.8,105.2,3.0
15.9,22.1,46.8,36.4,48.8,104.4,3.0
16.9,22.3,45.4,38.0,52.6,108.1,3.0
17.5,22.1,46.0,37.5,53.3,109.4,3.0
16.3,21.3,44.6,38.0,54.3,108.0,3.0
16.4,23.2,44.4,37.4,52.8,101.9,3.0
15.8,21.6,45.4,38.7,51.4,108.9,3.0
16.7,22.4,46.0,36.9,51.4,104.5,3.0
17.9,21.7,43.4,34.4,52.9,104.9,3.0
14.8,24.1,48.2,37.9,52.9,102.1,3.0
15.9,22.1,45.7,33.3,51.2,110.2,3.0
14.5,22.8,47.5,35.3,48.8,108.3,3.0
16.9,22.0,47.9,34.8,50.3,108.8,3.0
15.9,22.9,45.8,38.8,52.7,102.5,3.0
16.5,22.1,45.2,38.4,49.1,100.7,3.0
17.0,22.7,45.9,34.3,52.2,105.0,3.0
14.7,21.8,44.3,38.8,49.5,106.8,3.0
15.2,22.3,45.0,38.2,52.0,105.1,3.0
14.7,21.8,48.6,37.6,50.2,109.2,3.0
15.9,21.8,44.5,36.3,49.5,105.8,3.0
17.8,23.2,45.0,41.2,51.7,99.4,3.0
14.4,24.4,45.5,35.6,53.5,104.4,3.0
17.4,21.9,43.3,39.2,54.7,102.2,3.0
16.0,23.7,46.3,36.4,53.0,103.8,3.0
13.8,23.0,46.7,35.7,53.6,105.8,3.0
16.7,21.0,46.7,37.0,53.9,103.1,3.0
15.6,22.7,44.5,39.9,50.2,102.9,3.0
14.6,23.6,47.5,36.6,52.4,103.8,3.1
17.4,24.5,44.7,37.2,51.4,102.9,3.1
14.8,22.3,44.6,37.6,50.5,101.8,3.1
15.9,22.7,43.7,35.3,48.5,100.9,3.1
17.4,22.8,47.0,33.8,51.4,99.8,3.1
17.2,23.1,45.8,38.1,50.1,100.5,3.1
16.4,21.7,46.2,38.0,50.3,102.3,3.1
16.2,22.9,47.3,38.0,51.6,102.3,3.1
16.8,21.6,46.4,36.9,50.0,103.2,3.1
17.1,22.2,46.6,32.7,51.7,104.2,3.1
16.5,23.7,43.9,38.1,53.5,102.1,3.1
16.7,21.1,46.1,35.5,53.4,105.2,3.1
15.3,20.5,48.0,35.1,51.4,99.8,3.1
15.3,21.3,44.6,35.3,51.0,102.2,3.1
18.1,23.6,47.3,34.9,51.4,99.8,3.1
16.3,22.8,47.2,35.8,53.7,101.6,3.1
17.0,23.3,45.5,36.9,49.8,100.6,3.1
18.1,21.4,45.5,33.6,50.3,104.1,3.1
15.4,23.2,45.5,35.4,53.4,102.1,3.1
16.7,22.7,45.8,34.1,48.9,107.4,3.1
16.5,23.5,46.2,36.4,51.3,103.1,3.1
18.4,23.5,44.9,34.5,49.5,96.3,3.1
14.9,22.7,46.0,35.5,49.4,106.9,3.1
16.1,21.6,46.2,37.2,50.5,97.0,3.1
15.8,22.2,47.2,38.1,47.2,99.8,3.1
16.6,23.4,45.0,35.7,51.5,100.4,3.1
16.1,23.0,46.1,37.1,50.8,105.4,3.1
15.1,24.0,43.3,35.8,51.2,103.8,3.1
17.9,20.7,45.4,34.9,50.5,103.5,3.1
17.9,22.7,47.7,32.8,50.8,103.0,3.1
16.6,21.1,48.1,36.8,49.8,98.0,3.1
16.6,22.8,46.1,35.7,53.1,100.8,3.1
15.1,23.8,47.2,35.3,51.5,99.5,3.1
17.7,22.8,44.6,36.0,54.0,101.4,3.1
17.1,22.2,47.4,38.7,52.7,101.9,3.1
16.1,22.8,44.1,32.4,48.7,105.2,3.1
15.9,23.6,49.1,38.7,53.1,101.6,3.1
15.5,21.4,46.8,37.4,55.0,99.5,3.1
17.6,21.1,45.2,36.2,50.4,104.7,3.1
17.4,21.3,45.7,37.2,49.8,99.8,3.1
15.8,24.0,45.9,36.4,49.6,104.6,3.1
14.3,23.0,46.2,37.0,52.2,100.4,3.1
18.3,21.1,47.2,36.8,50.2,100.9,3.1
15.5,23.2,48.2,35.1,50.0,101.3,3.1
16.9,24.7,45.6,36.7,50.9,99.3,3.1
13.6,23.0,44.9,35.4,49.6,100.8,3.1
16.0,24.1,44.0,33.5,52.2,99.0,3.1
14.8,23.0,47.0,33.6,51.2,105.7,3.1
16.0,23.8,47.8,32.9,52.3,104.9,3.1
16.3,23.2,45.6,36.1,49.8,99.3,3.1
16.0,23.5,48.4,31.6,51.8,99.9,3.2
16.8,22.7,47.1,30.7,50.1,95.0,3.2
16.7,23.6,44.4,34.1,45.5,98.0,3.2
15.8,22.8,47.5,36.4,47.9,100.4,3.2
18.7,21.7,49.2,33.1,47.9,99.9,3.2
15.6,22.5,44.0,37.9,49.0,98.4,3.2
16.1,20.9,46.7,34.8,52.2,97.5,3.2
16.0,23.1,46.1,35.3,49.4,98.7,3.2
17.0,22.8,48.4,35.4,49.7,102.7,3.2
14.5,23.9,46.3,35.5,51.9,101.1,3.2
16.6,22.0,48.0,34.8,49.8,98.3,3.2
16.6,22.8,46.7,34.7,48.5,96.5,3.2
17.8,21.6,48.5,33.4,46.0,101.2,3.2
15.0,23.6,45.0,35.3,49.2,98.1,3.2
14.8,22.6,46.6,33.7,51.2,93.7,3.2
16.1,22.4,44.9,35.6,48.6,106.9,3.2
14.8,22.3,46.8,35.1,50.5,102.9,3.2
15.5,24.2,47.6,35.8,49.3,100.9,3.2
17.0,21.3,45.6,32.9,47.1,96.2,3.2
15.3,23.2,45.2,35.6,49.1,100.1,3.2
16.4,21.8,45.7,34.4,49.7,99.6,3.2
16.7,21.3,47.9,34.9,46.5,97.9,3.2
16.2,23.0,45.4,36.8,46.8,103.4,3.2
15.2,21.1,46.4,36.3,50.1,96.9,3.2
15.2,21.9,47.9,35.8,50.5,99.0,3.2
16.7,22.1,47.7,34.2,49.5,96.1,3.2
15.8,21.2,44.8,36.1,48.3,98.9,3.2
16.0,23.5,46.2,35.2,49.9,99.8,3.2
16.6,21.2,45.8,35.9,45.7,87.5,3.2
16.5,23.4,46.7,34.4,52.4,100.5,3.2
16.7,21.0,46.4,34.2,51.4,96.0,3.2
15.7,23.4,46.6,35.2,52.6,94.6,3.2
17.6,22.5,46.7,35.2,47.3,97.5,3.2
16.8,24.9,44.6,34.7,46.9,102.1,3.2
17.3,20.5,45.8,36.1,46.6,99.8,3.2
17.5,22.5,46.4,34.0,47.8,100.5,3.2
17.4,22.9,46.7,35.1,49.2,96.0,3.2
14.8,20.9,45.2,33.7,48.3,98.8,3.2
15.5,22.1,45.6,35.7,47.9,96.2,3.2
17.5,21.6,44.3,38.1,51.4,102.4,3.2
15.1,22.2,45.8,33.2,51.9,97.7,3.2
17.0,22.0,45.9,35.3,49.7,96.8,3.2
16.9,21.7,45.6,35.9,48.0,97.6,3.2
16.8,23.1,44.5,35.7,53.4,101.1,3.2
16.5,23.0,45.7,35.1,49.2,100.3,3.2
17.7,22.9,46.1,35.0,46.8,98.3,3.2
18.0,22.6,45.8,37.7,46.5,96.0,3.2
15.2,22.5,45.6,33.1,50.1,100.9,3.2
17.3,22.2,45.8,35.3,47.0,103.1,3.2
16.1,24.2,47.5,34.7,47.7,98.0,3.2
16.3,23.6,44.2,35.2,48.5,93.0,3.3
17.8,22.8,47.6,34.8,52.4,99.6,3.3
16.6,23.9,45.3,32.8,49.4,98.3,3.3
16.6,20.9,47.7,33.6,48.0,93.3,3.3
16.1,23.3,46.9,33.9,46.7,93.9,3.3
15.6,22.7,46.3,32.8,46.1,98.3,3.3
14.4,22.0,48.8,34.3,49.5,92.6,3.3
14.6,20.2,45.2,36.9,51.4,95.8,3.3
16.6,21.7,44.7,33.5,50.4,99.0,3.3
15.3,23.2,46.8,34.2,49.2,97.6,3.3
16.1,24.2,46.9,32.2,46.2,98.4,3.3
15.6,21.7,47.2,33.1,47.8,96.6,3.3
15.8,24.3,44.8,35.1,49.0,100.9,3.3
15.8,23.1,46.5,32.3,44.3,95.0,3.3
14.6,21.6,45.0,32.0,47.0,95.3,3.3
14.8,23.8,48.1,36.0,48.2,98.4,3.3
17.0,21.9,45.7,30.8,46.4,97.9,3.3
15.6,23.6,45.0,32.9,48.0,100.0,3.3
17.2,21.3,45.4,32.6,49.4,99.1,3.3
16.8,21.9,48.8,35.1,47.9,93.2,3.3
16.4,23.4,48.3,36.2,49.0,100.5,3.3
16.3,23.4,47.5,34.2,47.3,91.3,3.3
15.8,22.3,45.7,34.6,46.7,90.4,3.3
16.1,22.3,46.3,34.8,51.8,96.7,3.3
16.5,23.1,46.8,32.6,48.0,97.7,3.3
15.2,21.5,46.8,31.2,49.1,94.4,3.3
14.9,22.7,46.5,33.5,44.4,97.8,3.3
16.3,22.3,46.8,35.2,51.3,92.3,3.3
15.2,23.6,46.8,34.2,47.1,95.1,3.3
15.3,23.0,44.6,35.2,47.2,94.4,3.3
17.9,23.2,46.4,36.6,45.2,97.2,3.3
17.8,22.2,44.4,32.4,45.0,98.7,3.3
17.9,23.3,46.6,30.2,45.8,96.0,3.3
16.5,20.5,45.1,33.2,46.6,100.6,3.3
16.2,22.5,48.1,32.6,46.7,98.1,3.3
16.4,22.3,46.3,32.8,51.5,94.4,3.3
15.2,25.1,45.4,34.5,48.6,94.1,3.3
16.2,23.1,42.0,34.9,44.6,95.5,3.3
15.3,21.7,45.7,34.1,45.5,97.4,3.3
14.5,23.6,44.2,32.3,46.8,92.8,3.3
15.5,22.8,47.8,33.6,49.3,94.5,3.3
15.9,22.6,44.8,32.1,47.5,91.2,3.3
17.4,21.5,45.2,33.2,45.0,96.6,3.3
16.2,22.9,46.0,34.6,50.2,91.9,3.3
16.5,21.6,45.4,30.1,48.8,100.9,3.3
16.7,21.9,45.8,36.5,49.6,98.3,3.3
17.5,21.2,46.5,33.7,48.9,100.9,3.3
19.3,21.3,44.5,34.9,49.0,94.5,3.3
16.1,23.7,46.1,34.2,52.0,93.9,3.3
17.4,23.9,46.6,33.3,48.9,97.2,3.3
16.4,22.6,47.9,33.2,46.8,94.9,3.4
15.6,22.3,46.7,35.1,43.3,93.5,3.4
15.4,23.5,42.0,33.8,46.1,87.7,3.4
16.1,20.5,46.8,34.6,47.4,97.4,3.4
16.4,22.1,44.9,34.7,48.2,91.5,3.4
15.2,21.1,46.3,34.2,43.9,90.8,3.4
17.2,24.3,45.2,34.5,46.0,88.9,3.4
15.8,21.3,47.1,32.1,47.4,98.3,3.4
17.3,23.1,45.0,34.0,46.3,91.8,3.4
16.1,22.2,46.1,32.9,43.6,95.5,3.4
16.2,23.4,46.7,32.8,48.1,95.2,3.4
16.8,22.2,45.5,32.1,46.1,93.0,3.4
16.9,22.7,46.7,35.7,48.2,91.2,3.4
16.3,23.6,46.5,33.0,48.7,94.5,3.4
16.3,22.0,45.0,33.0,47.0,93.2,3.4
16.2,22.7,45.7,31.3,43.5,90.8,3.4
16.8,24.5,44.7,29.3,49.5,96.7,3.4
15.1,22.6,46.7,35.6,44.4,94.2,3.4
15.8,22.0,47.3,32.6,47.7,93.7,3.4
14.7,23.7,49.2,31.8,48.2,97.1,3.4
16.1,22.8,44.2,33.2,47.5,96.6,3.4
17.4,21.8,45.3,33.0,47.3,95.0,3.4
16.3,21.8,48.6,35.6,46.0,94.0,3.4
14.3,21.9,44.7,32.0,44.1,92.1,3.4
17.7,23.4,45.8,33.7,45.0,96.1,3.4
15.5,23.3,50.0,33.0,43.3,93.0,3.4
16.5,22.7,45.0,33.5,42.3,92.4,3.4
17.0,21.6,46.9,33.2,43.8,90.6,3.4
16.1,22.9,45.3,30.7,49.9,91.1,3.4
17.1,22.4,45.9,33.0,47.5,96.3,3.4
16.4,22.3,45.9,36.3,48.2,90.7,3.4
16.9,20.1,48.0,30.9,45.5,98.9,3.4
15.5,22.1,48.4,34.4,45.6,95.6,3.4
16.3,23.8,46.1,32.4,42.6,93.3,3.4
15.6,23.7,46.4,32.2,48.4,93.8,3.4
15.8,22.6,45.8,32.8,46.7,90.2,3.4
16.3,23.6,46.7,34.7,46.8,96.0,3.4
16.8,22.6,45.4,32.8,46.3,90.6,3.4
17.4,22.9,46.1,34.4,43.8,92.2,3.4
16.0,24.2,45.1,33.2,46.7,88.9,3.4
15.8,23.1,46.4,32.3,45.2,93.2,3.4
16.1,23.0,44.9,33.9,44.2,92.4,3.4
15.8,22.1,50.1,34.2,48.7,90.5,3.4
15.3,21.9,44.9,32.1,49.7,89.6,3.4
17.5,23.8,47.6,32.4,44.9,91.0,3.4
15.4,23.0,44.4,33.6,46.5,92.0,3.4
16.7,23.7,45.8,31.3,48.6,99.2,3.4
16.4,22.4,47.6,30.8,47.5,95.2,3.4
16.4,21.5,45.1,31.3,44.8,90.4,3.4
16.4,23.8,46.3,31.7,45.8,89.0,3.4
16.4,22.6,47.3,34.0,47.5,92.9,3.5
15.2,21.6,46.1,31.1,41.1,92.0,3.5
17.3,21.5,48.0,31.6,42.0,91.0,3.5
16.5,20.7,46.0,29.4,49.1,89.3,3.5
15.4,23.7,46.2,32.1,44.7,88.8,3.5
17.2,21.0,44.3,34.0,43.8,89.2,3.5
18.2,21.2,46.4,33.4,42.5,85.1,3.5
16.8,22.9,47.5,31.8,39.2,89.7,3.5
14.9,21.3,43.9,31.2,46.3,88.5,3.5
16.1,22.5,48.2,33.2,41.8,91.3,3.5
16.2,24.9,44.0,31.1,46.1,90.6,3.5
18.0,20.7,45.3,33.7,46.2,89.1,3.5
16.8,22.4,45.4,29.9,45.7,87.2,3.5
19.1,22.1,42.8,32.3,44.3,87.3,3.5
16.7,23.0,45.6,30.5,42.3,93.0,3.5
17.2,22.9,46.9,31.3,44.1,90.3,3.5
16.7,23.8,45.1,32.5,46.6,91.4,3.5
14.5,23.1,46.0,30.4,42.5,91.1,3.5
17.5,24.0,45.1,33.4,43.5,89.9,3.5
16.1,23.9,43.3,32.0,45.5,91.6,3.5
17.7,23.8,45.7,31.1,45.8,91.9,3.5
18.1,23.8,46.3,33.7,43.4,93.3,3.5
15.2,21.8,44.3,31.2,41.8,91.5,3.5
15.7,23.7,45.8,31.0,44.8,91.3,3.5
16.7,22.2,43.8,30.6,45.3,96.4,3.5
14.7,21.7,48.3,31.4,45.3,89.4,3.5
15.2,24.0,46.5,33.9,43.1,92.5,3.5
16.3,23.4,47.5,33.2,41.4,92.6,3.5
16.3,21.7,44.7,31.8,43.7,92.9,3.5
16.5,22.1,47.3,29.5,43.8,93.8,3.5
17.1,21.0,44.9,30.5,45.1,90.0,3.5
15.8,22.1,47.4,29.3,44.3,94.2,3.5
15.3,24.0,49.4,33.3,44.7,92.6,3.5
17.0,22.2,48.0,32.5,40.7,88.8,3.5
15.4,22.4,45.3,32.6,43.4,90.6,3.5
14.4,22.3,43.9,33.5,49.1,86.2,3.5
16.5,22.4,43.2,31.8,46.4,95.0,3.5
15.6,22.2,43.9,31.8,45.0,92.4,3.5
16.7,22.1,45.3,28.3,42.6,85.8,3.5
15.3,22.2,43.9,30.3,38.4,95.0,3.5
15.9,24.3,46.0,33.2,45.1,88.0,3.5
16.2,22.9,47.8,31.5,43.0,84.8,3.5
16.3,22.4,45.9,28.4,42.6,88.8,3.5
16.8,22.3,48.5,32.3,43.1,93.3,3.5
17.9,23.4,49.1,34.1,46.7,81.5,3.5
17.7,24.6,46.5,33.6,48.0,93.2,3.5
16.4,21.3,43.7,29.4,44.2,91.7,3.5
17.3,23.7,46.0,30.6,46.5,95.3,3.5
15.8,22.6,46.8,29.1,44.0,89.7,3.5
15.9,22.6,48.0,33.0,44.3,84.8,3.5
16.4,23.5,45.1,29.8,44.4,88.5,3.6
16.8,21.9,46.5,29.8,43.4,85.7,3.6
16.0,22.7,46.4,30.5,43.8,86.2,3.6
16.3,21.0,46.7,30.7,46.8,84.6,3.6
16.6,22.0,45.2,29.0,42.8,86.5,3.6
16.1,24.2,45.8,32.8,44.0,85.9,3.6
15.7,21.3,44.4,29.6,42.0,85.9,3.6
16.1,23.9,48.1,29.4,44.6,86.4,3.6
17.0,22.4,45.5,30.3,42.1,85.0,3.6
15.0,23.6,45.3,29.5,41.9,88.6,3.6
16.0,22.5,48.3,30.5,40.7,87.6,3.6
16.9,23.9,46.6,30.9,41.8,85.5,3.6
14.4,23.3,47.6,31.7,44.6,91.8,3.6
15.6,22.1,46.5,28.7,41.6,85.0,3.6
15.5,23.9,47.1,32.0,45.6,85.1,3.6
16.9,22.3,46.5,30.8,44.3,87.5,3.6
16.0,21.7,45.3,28.4,42.0,85.6,3.6
14.6,21.8,46.6,28.4,44.5,87.3,3.6
16.7,21.2,47.0,29.9,42.0,87.4,3.6
15.8,21.6,45.7,29.5,43.4,87.5,3.6
16.1,22.6,44.5,33.1,40.7,92.7,3.6
16.1,22.2,48.9,29.5,42.4,84.5,3.6
15.3,23.3,45.5,28.9,43.6,88.3,3.6
15.3,23.3,45.6,26.9,44.7,84.2,3.6
17.1,21.8,49.5,32.1,45.8,85.7,3.6
16.7,21.9,45.9,29.6,45.5,90.1,3.6
16.5,19.6,44.2,27.4,43.9,88.6,3.6
16.2,23.2,44.6,29.6,44.0,88.5,3.6
16.2,24.4,46.9,31.6,44.4,88.7,3.6
15.7,23.7,46.7,29.2,43.9,89.8,3.6
16.9,23.5,46.4,27.2,44.0,86.4,3.6
17.1,22.5,47.3,33.2,43.0,89.5,3.6
16.6,22.9,47.9,29.8,42.6,83.7,3.6
16.8,23.7,47.3,31.9,42.8,84.1,3.6
15.6,22.5,46.0,32.3,43.0,86.2,3.6
15.6,23.5,46.2,31.0,43.1,87.2,3.6
17.6,23.1,43.7,30.4,41.9,83.6,3.6
17.9,22.8,44.0,31.8,45.2,88.0,3.6
16.9,20.9,47.6,31.2,43.9,85.8,3.6
16.8,22.8,45.0,29.4,41.4,87.3,3.6
17.4,22.6,47.4,29.9,41.1,86.9,3.6
18.5,24.0,43.6,32.9,42.2,87.0,3.6
15.6,21.8,45.1,31.3,43.4,90.1,3.6
15.7,20.8,47.6,29.8,45.0,84.0,3.6
16.8,24.1,46.7,32.6,42.7,86.7,3.6
16.4,21.9,46.4,29.6,40.2,84.2,3.6
17.9,23.5,48.7,29.8,41.3,84.1,3.6
16.3,22.8,46.1,31.5,42.5,91.6,3.6
16.7,22.5,46.4,26.3,46.6,89.1,3.6
16.5,23.2,45.8,29.8,44.6,83.7,3.6
16.6,23.3,43.3,30.2,40.0,81.8,3.7
15.0,21.7,47.6,30.4,40.9,84.1,3.7
16.8,23.0,46.0,29.7,41.2,84.3,3.7
16.4,23.3,46.6,31.3,43.9,85.9,3.7
15.3,21.9,47.6,31.2,43.7,81.6,3.7
17.5,22.8,44.1,27.3,42.7,85.8,3.7
16.2,21.4,48.3,28.2,39.6,83.0,3.7
17.2,21.9,46.6,27.6,44.6,88.2,3.7
15.9,21.4,42.4,27.7,43.8,84.4,3.7
16.2,23.2,48.8,28.1,44.2,83.5,3.7
18.7,24.9,46.4,31.6,40.0,78.8,3.7
16.2,23.5,46.6,27.7,43.9,84.3,3.7
16.8,22.9,47.5,27.8,41.3,86.6,3.7
15.9,23.4,45.5,29.1,42.3,74.5,3.7
16.9,23.4,43.5,28.9,39.9,87.7,3.7
15.7,22.2,47.4,29.4,41.4,83.8,3.7
16.3,23.5,44.0,26.8,45.5,86.1,3.7
16.3,23.0,45.2,28.6,41.7,88.8,3.7
16.3,23.3,47.0,30.4,45.3,87.7,3.7
16.2,23.2,45.6,30.4,44.2,88.0,3.7
14.7,23.5,42.0,28.2,41.4,84.4,3.7
16.3,22.9,45.2,33.7,44.9,83.9,3.7
16.5,21.3,46.2,29.9,41.7,84.4,3.7
17.5,22.2,46.5,29.9,42.2,84.0,3.7
16.2,23.8,45.7,31.6,41.8,85.3,3.7
17.0,22.3,47.1,31.5,41.7,82.1,3.7
15.3,22.0,45.3,25.5,42.0,83.3,3.7
17.7,22.9,47.3,29.6,39.2,85.6,3.7
15.8,21.9,47.3,31.3,44.4,90.3,3.7
16.3,23.0,44.7,30.7,43.5,90.3,3.7
16.0,21.9,45.0,32.8,41.3,83.7,3.7
18.3,23.3,47.5,28.8,39.2,82.3,3.7
15.1,21.8,45.4,31.4,45.6,79.3,3.7
16.4,21.9,42.9,29.2,41.0,85.3,3.7
15.2,22.1,44.4,28.1,40.8,83.9,3.7
15.0,22.4,44.8,29.4,39.8,82.1,3.7
15.5,23.0,47.2,31.0,42.8,84.5,3.7
17.3,22.7,47.1,29.8,45.1,86.0,3.7
16.7,23.1,47.8,28.4,41.0,85.7,3.7
15.6,26.0,46.9,27.5,40.0,85.4,3.7
16.4,22.7,45.4,29.5,40.9,83.2,3.7
16.6,21.3,46.9,29.2,44.6,88.8,3.7
17.8,22.6,47.1,32.0,44.7,86.9,3.7
15.7,21.7,46.3,28.6,42.5,88.7,3.7
18.1,21.3,48.0,29.3,43.2,83.3,3.7
16.1,21.5,43.6,28.5,38.3,85.4,3.7
16.4,23.1,46.1,29.6,43.9,86.4,3.7
16.2,23.4,47.3,27.5,39.1,84.1,3.7
16.7,23.1,42.5,30.5,41.4,80.5,3.7
15.5,22.6,45.8,28.4,40.6,85.0,3.7
15.3,23.0,47.0,28.3,39.0,79.8,3.8
17.9,22.0,43.1,27.4,43.5,80.8,3.8
15.7,22.6,45.4,29.2,41.0,81.8,3.8
16.9,22.4,45.6,28.1,42.2,82.3,3.8
15.7,22.5,47.0,26.8,39.7,71.8,3.8
16.3,20.9,44.3,28.2,41.2,75.2,3.8
16.4,22.6,45.1,28.3,43.0,82.8,3.8
16.9,22.2,47.4,27.8,41.3,77.6,3.8
15.5,20.8,44.6,30.0,37.1,80.0,3.8
17.2,21.9,45.6,32.2,41.7,87.5,3.8
14.8,25.9,45.9,29.5,41.4,80.0,3.8
16.5,23.9,45.9,28.1,40.7,81.0,3.8
17.8,23.8,46.3,26.8,40.2,80.3,3.8
16.7,22.2,45.4,26.7,38.0,81.8,3.8
15.2,22.0,47.9,27.7,40.4,74.6,3.8
17.6,23.9,46.0,27.4,40.8,82.4,3.8
15.9,23.1,46.8,27.9,39.2,81.0,3.8
16.5,23.7,45.6,29.5,43.0,87.3,3.8
16.4,21.9,44.0,30.3,42.6,84.8,3.8
17.1,23.4,45.7,28.5,43.5,80.8,3.8
15.4,21.8,46.6,30.5,34.7,78.1,3.8
15.4,21.4,46.7,29.0,41.3,83.5,3.8
17.7,24.2,46.4,27.6,37.3,84.6,3.8
17.4,22.9,47.5,29.5,43.2,79.8,3.8
14.9,24.0,44.7,28.8,43.1,82.4,3.8
17.5,23.0,46.9,30.5,40.3,85.3,3.8
15.2,22.8,44.4,29.2,36.5,82.1,3.8
16.3,22.8,45.8,26.8,43.7,84.9,3.8
16.1,22.2,46.2,29.4,39.1,84.7,3.8
16.8,23.8,45.0,27.7,41.1,80.1,3.8
16.8,23.1,47.8,28.4,41.4,80.4,3.8
15.4,23.2,44.4,27.7,38.6,80.8,3.8
17.2,21.0,49.9,32.1,43.1,81.8,3.8
16.8,21.5,46.3,27.7,40.2,76.2,3.8
16.6,21.3,45.0,27.8,38.3,79.3,3.8
15.4,22.2,46.2,29.6,45.7,83.2,3.8
17.2,22.3,48.1,28.0,42.3,82.4,3.8
14.5,21.9,45.2,28.3,38.5,88.3,3.8
16.0,25.0,46.7,32.3,44.1,86.2,3.8
16.1,22.4,47.0,30.0,40.8,81.6,3.8
13.4,23.1,47.2,29.1,40.4,86.3,3.8
17.3,24.1,45.7,30.3,40.4,82.4,3.8
15.6,24.1,47.8,29.0,43.8,75.4,3.8
15.7,24.1,45.2,29.4,39.6,79.1,3.8
15.8,22.5,43.6,28.7,39.0,84.3,3.8
18.4,20.5,44.9,26.2,40.5,77.8,3.8
15.4,21.6,45.7,28.6,39.8,78.4,3.8
16.8,23.7,41.9,31.5,40.6,85.3,3.8
18.1,24.1,45.4,28.1,43.1,80.0,3.8
15.1,23.0,43.9,27.8,38.5,79.8,3.8
17.9,23.1,47.3,28.4,40.3,73.8,3.9
16.2,24.6,46.2,26.4,40.3,82.2,3.9
14.7,23.0,45.0,29.2,39.6,80.6,3.9
15.3,22.2,44.2,26.2,42.5,78.2,3.9
17.7,22.1,46.9,29.7,37.6,80.4,3.9
16.1,21.8,46.0,26.0,43.9,81.6,3.9
16.5,22.6,46.0,27.0,42.9,75.1,3.9
16.9,23.0,41.6,27.4,38.8,81.4,3.9
17.8,21.7,45.7,28.0,35.7,80.7,3.9
18.1,23.0,46.5,26.6,41.5,79.1,3.9
16.4,22.5,47.2,27.6,40.7,73.6,3.9
15.3,20.7,47.2,27.2,36.9,78.8,3.9
15.7,21.2,46.0,28.4,40.0,82.7,3.9
15.7,20.8,45.5,27.0,37.3,78.6,3.9
17.4,24.2,47.1,25.8,39.5,76.8,3.9
16.4,23.9,45.3,25.2,42.0,83.5,3.9
14.8,22.6,46.2,24.7,37.5,84.0,3.9
15.8,21.2,46.5,26.7,38.1,79.0,3.9
15.1,22.3,48.5,29.1,40.8,76.4,3.9
16.8,22.7,47.1,28.5,40.4,81.5,3.9
17.6,21.5,47.4,26.7,36.2,81.0,3.9
16.5,22.0,45.2,30.0,39.0,76.4,3.9
16.4,22.6,46.6,28.2,35.8,74.5,3.9
15.4,23.4,45.3,30.3,39.2,80.6,3.9
15.0,20.3,45.8,27.6,38.8,81.9,3.9
16.8,22.0,42.6,28.2,39.3,82.5,3.9
16.4,23.0,44.6,27.2,41.1,77.6,3.9
15.2,22.5,42.8,28.5,42.3,78.3,3.9
16.1,23.0,44.8,28.0,39.9,83.8,3.9
16.0,22.9,45.2,27.0,36.0,78.2,3.9
16.4,22.6,47.3,27.6,38.4,77.8,3.9
15.6,22.2,49.2,27.3,38.3,78.3,3.9
16.1,22.3,46.5,26.1,38.5,77.6,3.9
15.1,20.3,44.7,25.0,41.1,80.7,3.9
14.5,21.9,46.0,27.2,44.2,80.4,3.9
15.6,21.5,46.5,27.9,36.4,78.4,3.9
15.8,23.3,46.6,28.7,40.7,80.5,3.9
16.4,25.0,46.6,27.7,37.8,77.3,3.9
18.5,22.2,47.5,26.6,37.4,77.3,3.9
15.8,22.0,48.6,27.0,39.5,81.2,3.9
16.8,24.6,46.2,29.0,40.6,81.2,3.9
15.1,23.9,42.3,28.4,36.1,76.3,3.9
15.8,24.0,46.7,26.9,33.0,76.3,3.9
16.4,21.4,44.6,26.3,41.2,78.9,3.9
17.9,23.0,42.1,26.3,39.1,79.0,3.9
15.5,21.9,44.1,27.9,36.1,75.9,3.9
18.6,21.3,45.7,27.8,36.2,79.9,3.9
17.1,22.7,47.5,23.7,38.4,80.7,3.9
14.9,22.2,44.7,31.3,42.4,77.2,3.9
17.2,22.5,44.7,28.2,36.7,78.6,3.9
16.3,22.6,46.4,28.2,33.8,74.9,4.0
15.9,22.0,47.3,27.4,37.5,74.8,4.0
15.8,23.2,45.0,25.5,39.3,75.9,4.0
16.9,23.1,47.9,27.4,38.0,74.1,4.0
18.8,21.2,47.6,27.9,38.5,72.5,4.0
16.3,23.9,45.1,27.1,35.2,75.5,4.0
15.3,22.9,46.0,26.1,32.9,81.1,4.0
16.6,23.2,46.6,26.3,39.2,80.9,4.0
17.4,23.7,45.1,28.0,36.6,79.1,4.0
17.9,22.6,46.6,26.2,38.0,71.8,4.0
16.6,23.3,46.4,25.6,34.9,74.1,4.0
17.8,23.3,47.3,27.0,36.9,77.4,4.0
16.8,22.6,46.8,26.9,34.6,72.7,4.0
16.4,21.8,46.0,29.0,39.0,79.7,4.0
16.9,23.8,43.1,25.3,40.7,78.2,4.0
16.0,23.3,46.5,27.3,34.9,75.9,4.0
16.5,21.0,44.7,28.5,36.4,78.0,4.0
15.2,22.5,49.2,26.2,39.8,77.3,4.0
17.1,22.1,46.9,26.6,36.9,77.4,4.0
16.8,21.8,44.9,26.0,39.0,76.4,4.0
16.0,23.5,45.2,27.9,37.4,76.7,4.0
15.8,24.6,46.6,26.3,39.1,79.4,4.0
16.8,22.6,46.2,24.9,38.3,74.7,4.0
15.2,23.0,48.5,25.1,39.5,72.4,4.0
17.2,22.3,44.5,25.9,39.0,79.1,4.0
15.2,23.3,44.7,23.2,37.0,79.4,4.0
16.5,22.2,47.2,26.6,39.0,73.9,4.0
17.0,21.9,46.0,26.8,37.7,80.6,4.0
16.7,20.6,45.3,26.3,37.7,83.5,4.0
15.5,21.1,46.7,23.6,36.9,69.9,4.0
14.9,23.1,49.0,26.5,38.2,75.6,4.0
15.4,23.0,47.7,27.1,36.7,71.6,4.0
16.8,21.9,46.4,26.9,39.2,78.0,4.0
18.0,21.3,46.9,25.2,37.6,76.9,4.0
16.9,23.9,44.5,28.7,39.1,78.4,4.0
17.6,23.8,45.5,24.4,37.5,69.4,4.0
16.5,23.2,45.9,25.9,37.4,76.0,4.0
17.7,21.2,46.0,27.9,38.5,74.1,4.0
16.9,21.7,46.0,27.9,36.1,76.8,4.0
15.6,23.6,45.5,26.2,36.5,82.8,4.0
17.3,24.2,50.5,24.8,37.8,77.8,4.0
16.1,23.5,44.2,26.8,36.2,77.2,4.0
15.6,23.4,47.9,30.0,39.3,70.8,4.0
16.2,23.7,45.3,24.6,39.0,70.0,4.0
17.0,21.7,45.0,24.2,37.9,74.1,4.0
15.1,22.8,47.7,23.4,37.9,75.4,4.0
15.1,24.6,45.4,26.1,38.1,76.7,4.0
16.9,22.8,44.0,27.4,39.1,75.5,4.0
15.0,23.7,48.5,26.0,36.3,74.5,4.0
15.7,21.8,47.1,27.9,40.1,74.8,4.0
16.7,21.8,45.1,28.2,39.4,83.6,4.1
18.2,24.2,46.8,28.9,41.6,81.4,4.1
17.1,24.4,46.8,26.6,36.9,78.6,4.1
17.2,20.6,45.5,29.7,39.0,81.6,4.1
13.9,22.2,46.0,29.3,40.1,76.1,4.1
17.0,20.2,44.2,26.6,39.8,81.2,4.1
16.8,22.2,45.6,27.4,40.7,81.2,4.1
17.2,22.8,46.1,26.8,41.0,77.0,4.1
16.0,20.2,45.8,26.9,36.8,77.8,4.1
16.4,22.0,46.4,29.3,40.6,78.2,4.1
15.8,23.3,43.6,30.2,41.4,81.3,4.1
17.0,22.9,45.8,27.5,40.7,81.9,4.1
16.4,22.8,43.4,28.7,37.6,77.2,4.1
18.7,21.9,45.6,28.6,41.1,79.5,4.1
14.9,22.0,46.0,27.3,39.4,78.7,4.1
15.6,21.9,45.9,29.7,43.9,83.7,4.1
15.8,23.4,47.2,30.6,39.2,75.7,4.1
16.4,23.5,44.9,27.6,40.9,72.9,4.1
15.6,22.8,47.0,26.6,35.8,84.5,4.1
16.5,23.9,45.9,30.2,39.2,78.1,4.1
17.2,22.3,45.2,26.5,36.4,76.1,4.1
16.1,23.9,48.4,26.8,39.7,79.0,4.1
16.1,22.9,45.8,25.5,40.2,77.4,4.1
15.7,22.0,44.0,28.2,40.9,80.6,4.1
15.1,22.9,46.0,26.6,43.4,77.4,4.1
15.8,22.2,45.4,27.6,42.3,81.4,4.1
16.3,21.1,49.4,29.2,38.9,74.3,4.1
16.0,22.3,46.8,26.4,39.2,80.5,4.1
15.3,22.9,46.4,30.2,41.0,84.2,4.1
15.9,23.1,43.5,28.4,42.3,79.1,4.1
17.4,21.5,45.9,27.5,39.2,77.0,4.1
17.3,23.3,46.3,28.3,42.2,79.7,4.1
15.8,23.5,47.2,26.3,36.6,80.0,4.1
15.3,21.8,44.7,27.6,37.2,81.3,4.1
15.9,21.1,47.0,27.7,41.9,79.7,4.1
17.2,22.4,46.0,26.7,39.7,78.7,4.1
16.2,22.6,45.3,28.6,43.7,82.4,4.1
17.0,21.5,48.1,26.5,38.4,77.4,4.1
15.8,22.9,47.8,29.0,39.6,79.7,4.1
16.7,21.5,45.0,26.8,36.4,81.8,4.1
16.1,21.9,45.0,26.6,38.1,78.8,4.1
17.5,23.1,43.7,27.6,39.8,78.8,4.1
14.8,22.6,46.1,28.7,40.7,78.4,4.1
16.1,22.2,46.0,26.2,36.6,79.5,4.1
16.0,20.9,45.4,26.2,38.6,81.3,4.1
14.7,23.4,44.5,26.3,40.0,80.7,4.1
15.2,22.9,45.5,30.2,39.4,76.0,4.1
16.4,24.0,46.5,27.8,42.7,77.6,4.1
17.7,21.8,50.6,25.5,40.5,76.2,4.1
17.1,23.4,46.8,30.1,37.9,79.8,4.1
16.0,23.5,46.7,31.2,41.2,82.5,4.2
16.6,22.8,48.6,29.8,43.1,77.4,4.2
16.8,24.3,47.0,27.0,44.6,83.8,4.2
16.3,21.9,46.1,29.9,41.9,82.1,4.2
16.0,22.8,44.0,25.8,42.3,83.2,4.2
15.4,22.6,48.2,32.2,41.3,83.1,4.2
16.0,21.1,45.8,30.9,43.2,85.2,4.2
17.9,23.8,45.4,29.0,43.6,84.5,4.2
15.0,24.1,46.7,26.6,44.2,87.7,4.2
17.0,23.1,47.1,29.6,44.7,87.6,4.2
16.0,22.2,45.2,28.7,41.3,80.9,4.2
14.7,22.5,46.3,29.5,40.8,85.1,4.2
16.7,23.2,46.9,28.9,41.1,78.8,4.2
16.5,23.3,43.8,30.9,41.9,85.0,4.2
16.2,23.8,46.0,28.0,44.6,76.2,4.2
16.4,21.9,47.8,28.7,41.7,82.5,4.2
15.8,22.4,46.9,31.5,41.2,79.4,4.2
17.3,22.0,44.1,27.8,39.9,85.1,4.2
17.2,22.5,47.4,34.3,43.0,82.8,4.2
14.9,24.5,44.7,29.6,41.6,83.2,4.2
16.3,23.3,47.6,27.3,41.0,80.7,4.2
16.7,20.8,47.0,30.6,40.8,83.7,4.2
16.2,21.8,45.2,27.1,45.5,82.4,4.2
17.8,23.8,45.7,32.7,43.3,78.9,4.2
15.5,22.7,45.5,29.8,41.4,89.5,4.2
16.6,20.9,45.5,27.2,45.8,80.0,4.2
16.1,23.8,48.2,30.0,39.8,85.3,4.2
17.0,22.6,46.4,28.5,41.6,84.1,4.2
17.0,23.3,47.2,29.0,41.7,87.5,4.2
17.6,19.8,46.0,29.1,42.1,80.3,4.2
15.7,22.2,47.5,31.0,38.7,84.8,4.2
17.3,23.0,48.8,29.6,37.4,80.6,4.2
16.4,21.6,45.2,31.9,40.8,91.1,4.2
15.3,22.4,46.3,25.9,44.7,88.4,4.2
16.0,22.2,46.5,27.9,37.9,82.9,4.2
17.1,23.1,45.2,31.5,40.9,84.1,4.2
17.6,24.0,45.0,29.5,42.6,80.2,4.2
16.8,22.8,43.9,29.6,42.7,81.9,4.2
15.7,22.4,48.2,30.0,39.3,86.4,4.2
15.7,23.0,46.7,30.1,39.3,80.5,4.2
16.2,24.8,46.2,28.1,39.1,84.4,4.2
15.2,23.8,48.8,32.1,39.1,78.9,4.2
14.5,23.3,46.5,28.2,40.5,80.1,4.2
15.8,23.1,43.9,29.3,38.7,88.5,4.2
16.5,23.1,44.4,29.0,42.0,84.6,4.2
16.4,21.3,44.2,29.6,41.7,84.3,4.2
17.2,22.9,42.9,26.0,43.1,86.1,4.2
16.1,23.0,46.1,27.8,41.8,84.0,4.2
15.9,21.3,45.0,29.5,40.2,86.5,4.2
16.2,21.3,47.3,28.8,43.4,83.5,4.2
16.8,21.0,43.5,29.8,43.2,91.9,4.3
16.4,22.8,45.1,30.7,41.0,89.4,4.3
16.7,22.7,45.7,33.4,49.1,86.6,4.3
16.7,22.1,42.3,29.5,41.2,84.0,4.3
16.7,21.1,42.8,31.4,43.3,91.5,4.3
16.3,23.7,44.1,29.7,42.2,90.3,4.3
17.7,22.7,46.7,32.2,44.9,81.4,4.3
17.2,23.4,44.7,29.5,46.0,83.9,4.3
14.8,24.7,44.3,33.7,43.9,89.4,4.3
17.1,23.6,44.2,32.3,41.4,85.6,4.3
17.9,21.1,45.2,32.4,45.5,84.6,4.3
16.6,22.4,47.4,31.5,41.7,88.2,4.3
17.1,23.4,44.4,30.4,43.9,90.9,4.3
16.3,21.7,47.3,31.6,41.7,83.6,4.3
14.9,22.1,46.8,32.0,39.6,84.9,4.3
14.0,23.8,45.3,30.4,42.2,91.3,4.3
15.1,22.6,46.9,30.7,42.4,92.1,4.3
15.5,21.8,45.6,28.4,41.6,87.0,4.3
15.3,21.3,49.0,31.7,42.7,90.7,4.3
17.4,22.3,45.7,29.8,40.8,82.2,4.3
18.7,22.7,47.7,30.5,45.4,86.9,4.3
16.7,23.1,45.3,32.0,43.3,85.7,4.3
17.2,24.5,45.2,31.0,45.9,93.6,4.3
15.9,24.3,44.7,31.8,46.1,84.7,4.3
16.8,22.5,45.5,28.8,46.5,91.0,4.3
18.5,21.7,46.1,31.2,46.6,88.1,4.3
16.8,23.1,49.4,30.2,41.2,87.0,4.3
18.0,25.0,46.9,31.5,45.7,87.6,4.3
16.8,23.3,46.8,29.3,42.3,88.3,4.3
18.2,23.6,46.9,30.8,42.1,88.6,4.3
15.6,22.5,45.5,32.3,42.7,85.9,4.3
18.3,22.1,46.4,32.6,42.5,85.0,4.3
17.0,24.2,45.1,31.4,41.1,91.1,4.3
14.9,22.7,44.0,30.9,43.5,88.2,4.3
17.2,22.0,44.6,31.3,39.2,81.9,4.3
16.2,25.3,45.2,32.7,44.1,90.0,4.3
16.8,22.9,44.6,33.4,43.3,82.5,4.3
13.9,23.6,45.4,29.4,43.4,88.5,4.3
17.6,23.0,46.1,28.8,45.3,87.4,4.3
15.5,23.2,45.9,30.5,44.4,86.2,4.3
16.4,22.0,46.8,30.8,45.6,87.1,4.3
15.9,23.4,46.5,31.3,45.2,85.7,4.3
17.1,21.3,49.0,29.4,46.0,82.3,4.3
16.0,22.8,47.1,28.5,45.7,87.2,4.3
14.6,22.0,50.7,29.4,41.8,89.4,4.3
16.8,23.2,47.8,29.3,45.7,85.7,4.3
16.6,22.8,44.4,30.5,47.4,85.7,4.3
18.8,21.8,47.9,30.3,43.7,86.1,4.3
15.6,22.1,43.4,32.1,43.4,84.8,4.3
17.0,23.4,47.0,29.3,40.4,91.5,4.3
16.4,23.3,44.1,32.5,48.3,89.4,4.4
17.6,23.5,46.2,36.8,45.4,91.7,4.4
16.9,23.0,48.0,32.4,42.3,89.6,4.4
17.8,23.5,45.9,32.0,42.6,94.4,4.4
15.0,22.0,47.1,33.8,52.2,91.6,4.4
17.9,23.9,47.4,29.8,45.7,92.4,4.4
16.6,20.9,45.0,29.0,47.2,93.4,4.4
15.5,25.2,45.9,30.5,41.3,91.3,4.4
16.4,21.7,45.5,34.1,42.2,89.7,4.4
16.7,23.1,46.9,31.9,44.9,96.8,4.4
16.5,23.7,47.8,33.1,45.2,90.3,4.4
16.4,22.1,45.9,31.8,46.9,90.7,4.4
14.9,22.3,45.8,34.2,45.5,91.7,4.4
16.4,22.7,44.7,31.0,45.4,90.0,4.4
16.6,21.9,46.7,31.6,45.5,94.8,4.4
17.1,24.0,47.7,34.8,47.2,92.9,4.4
14.8,22.8,46.2,33.1,47.5,88.0,4.4
15.8,22.1,43.7,31.4,47.0,85.7,4.4
17.2,23.2,44.5,34.4,42.6,89.5,4.4
16.7,22.5,44.8,33.2,45.9,98.3,4.4
16.4,23.2,48.4,31.1,43.7,95.4,4.4
16.8,21.8,45.0,28.7,47.9,91.4,4.4
17.6,22.4,45.2,32.9,50.1,94.3,4.4
15.6,22.0,45.9,31.0,44.4,85.1,4.4
15.8,20.6,45.3,32.4,46.1,91.2,4.4
17.3,23.3,45.9,30.7,46.3,94.0,4.4
17.3,22.4,44.3,31.4,43.9,86.8,4.4
17.4,22.2,42.7,31.0,43.6,91.4,4.4
15.7,22.8,46.2,31.9,45.0,90.6,4.4
15.9,24.0,47.0,32.2,46.2,90.0,4.4
17.3,21.0,46.4,33.4,47.8,92.9,4.4
15.7,23.0,46.4,31.9,48.7,94.1,4.4
16.1,22.9,45.0,32.9,43.3,92.4,4.4
15.4,22.5,45.0,31.3,47.7,88.1,4.4
15.3,24.6,46.8,30.9,45.6,86.8,4.4
17.3,22.5,47.6,31.1,46.2,93.0,4.4
16.7,21.7,46.5,29.1,43.2,91.8,4.4
17.2,21.6,44.5,31.3,44.8,94.4,4.4
17.4,22.9,46.7,31.6,45.3,89.3,4.4
17.2,23.5,45.5,30.3,47.7,82.8,4.4
16.7,25.8,48.1,34.1,45.2,91.5,4.4
15.5,23.4,46.3,33.3,43.5,91.7,4.4
16.5,21.7,46.2,30.5,45.5,88.7,4.4
16.5,23.3,44.5,33.3,45.3,90.1,4.4
16.4,23.2,46.8,32.6,48.0,93.0,4.4
17.3,21.1,46.7,33.3,41.3,86.6,4.4
16.5,24.7,45.2,31.7,43.4,92.3,4.4
17.1,23.2,46.2,34.4,46.1,89.3,4.4
17.1,22.4,46.0,32.6,44.2,88.8,4.4
17.6,22.7,45.8,32.6,45.9,87.0,4.4
16.9,23.3,48.2,34.3,47.8,97.4,4.5
18.0,22.4,45.4,35.0,47.0,91.8,4.5
14.8,23.0,45.4,31.0,48.0,95.6,4.5
15.5,23.9,45.6,37.7,46.2,93.8,4.5
17.0,24.4,47.0,32.5,48.7,91.0,4.5
17.5,23.0,47.5,34.6,49.0,100.3,4.5
16.0,19.5,46.7,32.3,48.9,92.1,4.5
17.5,21.5,47.7,32.7,49.5,96.3,4.5
16.5,22.1,47.3,36.8,48.8,97.5,4.5
15.6,23.2,46.9,31.4,46.5,89.8,4.5
16.0,21.9,45.1,33.7,47.6,89.5,4.5
14.3,22.3,44.5,34.5,45.6,93.3,4.5
16.2,24.3,46.9,33.8,45.4,95.4,4.5
15.4,19.6,48.2,30.9,44.8,95.3,4.5
16.8,21.9,46.4,34.7,48.3,93.3,4.5
17.6,22.6,45.4,32.3,50.3,90.4,4.5
16.7,21.7,46.2,33.9,48.8,99.2,4.5
17.1,23.3,47.9,36.4,50.0,97.9,4.5
15.5,21.5,45.0,33.0,44.6,95.3,4.5
15.1,20.7,44.9,37.4,47.6,96.2,4.5
17.1,22.0,48.2,35.8,48.0,96.9,4.5
14.5,21.8,43.5,32.7,50.1,96.5,4.5
16.7,22.1,43.9,35.4,47.3,88.4,4.5
15.9,21.1,44.2,36.2,47.5,94.2,4.5
14.3,21.3,47.0,35.6,46.4,95.2,4.5
16.1,23.1,45.7,34.2,50.8,99.2,4.5
16.5,24.0,47.0,36.7,49.6,95.6,4.5
15.8,24.3,48.4,36.0,42.9,96.5,4.5
16.4,25.1,46.1,33.7,50.4,100.5,4.5
16.4,24.0,46.2,33.3,49.0,94.1,4.5
17.2,23.3,48.3,31.1,48.0,93.0,4.5
17.1,24.6,45.1,35.0,49.5,93.1,4.5
16.6,23.3,47.5,36.3,46.2,92.6,4.5
14.8,21.7,45.0,32.2,48.2,93.1,4.5
16.7,21.4,47.1,34.4,49.6,90.7,4.5
15.8,22.3,42.8,32.7,45.2,97.5,4.5
14.8,23.8,45.1,35.1,48.9,95.1,4.5
17.1,23.2,46.7,33.0,51.9,93.0,4.5
16.3,24.1,44.2,34.1,48.1,95.9,4.5
17.5,22.5,43.3,35.2,49.0,97.2,4.5
15.1,22.1,45.2,33.5,45.3,92.9,4.5
16.9,22.4,46.0,30.1,48.7,101.8,4.5
15.5,24.3,43.9,33.0,47.5,95.0,4.5
16.7,22.2,45.8,34.7,47.1,100.8,4.5
14.6,21.7,46.3,33.7,45.0,92.8,4.5
16.9,22.4,45.2,34.1,43.3,94.7,4.5
16.5,24.9,45.0,33.0,46.2,93.2,4.5
17.4,20.2,45.3,33.2,47.2,93.1,4.5
16.8,23.5,46.4,34.9,46.7,92.7,4.5
17.1,24.1,42.2,32.4,48.2,93.9,4.5
15.9,23.3,46.1,35.2,45.8,106.3,4.6
17.3,24.5,46.2,33.9,47.4,103.7,4.6
15.3,22.7,44.9,35.5,48.7,98.1,4.6
18.0,22.6,47.3,35.7,49.6,99.8,4.6
16.0,22.8,44.2,38.1,51.9,102.4,4.6
17.4,21.4,48.6,35.8,49.8,99.0,4.6
16.8,24.1,46.3,36.4,49.1,98.5,4.6
16.0,22.6,48.3,35.3,49.3,104.3,4.6
16.1,24.1,45.1,35.3,51.5,96.2,4.6
15.9,22.7,46.2,34.8,49.8,96.0,4.6
16.4,23.3,48.4,37.0,52.3,96.4,4.6
17.0,21.7,46.4,36.1,49.8,101.0,4.6
16.1,20.3,46.2,37.3,48.8,99.4,4.6
15.5,23.4,49.1,35.5,48.2,95.5,4.6
15.7,22.0,45.4,37.1,46.6,101.5,4.6
16.3,23.1,47.0,36.1,51.2,98.7,4.6
15.3,22.5,45.8,36.8,46.7,99.0,4.6
14.2,22.5,45.5,35.0,47.7,94.5,4.6
17.8,24.2,43.2,34.1,51.9,96.4,4.6
14.9,23.4,49.2,35.2,48.5,90.2,4.6
18.0,24.7,45.2,36.4,49.9,98.9,4.6
16.3,22.8,43.4,32.1,45.1,102.9,4.6
15.9,21.6,45.0,33.9,48.7,99.6,4.6
15.4,19.6,45.3,36.9,49.7,100.8,4.6
17.0,25.3,47.0,33.8,50.0,108.8,4.6
18.2,22.0,46.5,34.1,50.0,104.3,4.6
16.4,21.9,46.7,32.9,50.9,103.6,4.6
16.2,23.6,47.2,35.7,49.4,99.5,4.6
17.1,22.7,45.2,33.6,47.2,98.2,4.6
16.7,22.3,46.5,35.5,48.6,101.6,4.6
16.3,23.0,45.1,37.0,48.1,100.2,4.6
15.0,21.3,44.4,35.2,51.5,96.2,4.6
17.0,23.0,45.5,36.0,46.4,98.1,4.6
16.1,24.8,47.3,35.4,49.5,98.3,4.6
15.0,21.8,49.0,38.8,48.3,98.7,4.6
15.3,22.3,46.0,34.3,53.1,95.2,4.6
16.2,22.3,44.8,36.5,50.2,97.7,4.6
18.0,22.3,45.0,33.7,51.3,93.5,4.6
16.8,23.7,43.6,36.2,52.2,102.3,4.6
16.0,23.4,46.9,34.3,47.4,102.7,4.6
15.6,22.7,45.0,33.8,48.1,102.9,4.6
15.4,22.9,44.9,34.6,49.2,96.6,4.6
17.3,24.1,45.0,33.9,47.4,98.7,4.6
15.6,21.7,45.0,38.3,47.2,102.2,4.6
15.4,21.6,44.8,35.0,50.4,101.0,4.6
16.6,24.9,45.4,34.9,48.8,96.1,4.6
17.0,21.9,48.9,34.4,50.4,97.3,4.6
15.8,24.0,44.2,35.6,48.0,97.2,4.6
16.1,21.1,45.5,34.1,48.1,98.9,4.6
17.3,22.5,46.5,34.9,48.0,101.0,4.6
15.9,21.9,49.5,33.3,50.4,105.8,4.7
14.1,21.8,45.4,39.2,52.1,106.2,4.7
16.7,23.1,48.5,36.2,50.2,95.2,4.7
16.0,23.5,45.2,35.3,49.5,94.8,4.7
15.0,22.9,43.2,39.7,50.7,103.3,4.7
15.3,22.8,47.0,37.5,52.7,106.9,4.7
16.7,22.4,45.3,37.2,49.5,95.7,4.7
14.4,21.5,49.7,37.7,51.1,98.9,4.7
16.1,23.8,45.4,37.6,51.6,102.3,4.7
17.1,23.8,45.3,37.4,50.5,108.6,4.7
18.0,21.6,46.4,38.1,50.6,103.2,4.7
18.4,21.3,48.3,37.2,52.2,101.5,4.7
15.5,24.1,43.3,38.3,55.0,98.1,4.7
17.9,22.4,45.2,34.1,50.2,103.4,4.7
16.2,20.6,44.8,37.0,52.1,104.2,4.7
17.5,21.5,45.8,38.6,51.6,101.9,4.7
16.1,21.2,46.4,36.7,50.3,103.1,4.7
16.1,21.4,45.9,34.5,51.5,107.0,4.7
18.0,23.8,45.9,35.3,52.4,102.4,4.7
16.0,23.4,48.3,37.6,50.4,102.9,4.7
16.9,21.5,48.7,37.7,53.1,105.6,4.7
16.9,23.1,45.8,39.2,50.7,101.7,4.7
17.1,22.9,45.7,34.6,51.8,104.5,4.7
16.2,20.8,45.9,38.0,51.3,101.4,4.7
16.1,23.1,47.3,37.5,51.9,107.4,4.7
17.2,24.5,45.6,40.0,51.5,99.7,4.7
16.5,21.9,46.0,37.8,53.7,105.9,4.7
16.0,23.1,47.4,37.2,53.0,103.8,4.7
17.3,21.2,43.0,37.1,49.5,102.3,4.7
15.3,23.3,46.5,38.8,52.2,104.6,4.7
15.9,22.2,43.1,34.1,54.1,103.3,4.7
17.6,21.2,45.2,37.4,51.7,102.2,4.7
16.8,22.2,44.8,35.2,50.6,103.0,4.7
15.6,24.1,44.0,39.0,56.0,103.3,4.7
16.1,21.7,46.1,36.0,49.8,99.3,4.7
16.1,23.4,45.9,36.5,50.0,101.7,4.7
17.7,21.5,45.4,37.7,52.4,104.5,4.7
16.1,22.7,42.2,39.2,50.7,94.4,4.7
16.1,21.3,44.5,38.5,49.8,103.8,4.7
15.8,21.7,47.9,35.1,53.4,102.4,4.7
16.6,21.4,45.8,38.7,53.6,104.3,4.7
15.6,23.8,47.5,35.5,47.6,106.0,4.7
18.2,22.6,46.6,37.3,52.4,101.0,4.7
16.6,21.8,44.0,35.5,49.3,104.3,4.7
16.0,24.0,44.4,34.6,53.6,101.0,4.7
18.3,23.3,47.3,35.4,49.7,107.7,4.7
17.2,22.5,45.7,35.6,55.1,103.6,4.7
16.6,21.7,45.3,39.0,52.3,107.2,4.7
17.5,22.0,46.3,36.7,50.0,99.5,4.7
15.2,22.9,46.5,37.0,50.0,107.2,4.7
17.1,21.9,47.2,37.9,50.6,109.3,4.8
17.5,22.9,45.3,38.5,50.6,104.1,4.8
15.5,20.9,47.8,36.7,52.1,105.3,4.8
15.4,22.3,45.6,39.4,50.6,107.1,4.8
15.5,21.8,47.7,37.3,57.2,105.4,4.8
16.6,22.8,49.3,35.5,51.6,111.0,4.8
15.2,23.8,47.0,38.3,51.7,105.8,4.8
15.4,22.5,44.8,39.6,55.6,105.4,4.8
16.5,22.5,47.3,38.2,55.4,106.2,4.8
17.3,23.0,45.2,36.9,48.8,108.1,4.8
16.2,24.4,44.7,36.2,54.1,107.1,4.8
16.2,23.6,45.6,40.6,53.2,101.2,4.8
16.8,23.4,44.5,35.7,52.8,104.1,4.8
15.3,21.4,46.7,36.9,54.7,104.1,4.8
17.9,21.6,43.2,38.4,51.8,106.7,4.8
17.0,23.4,42.8,38.6,52.9,104.5,4.8
17.0,23.8,46.2,37.0,57.8,108.4,4.8
16.0,22.8,45.2,39.1,54.6,108.3,4.8
16.1,21.6,45.4,38.0,50.8,104.3,4.8
15.9,23.9,47.5,37.7,54.0,109.5,4.8
17.5,23.8,48.1,38.7,53.5,107.6,4.8
15.7,22.3,46.2,38.0,54.3,110.7,4.8
14.8,22.8,44.8,39.3,55.0,106.0,4.8
17.7,22.6,46.4,35.7,50.6,107.7,4.8
16.3,23.2,45.4,39.7,50.1,108.2,4.8
17.2,22.1,44.1,36.7,53.4,111.6,4.8
16.0,23.9,43.7,35.4,55.8,103.8,4.8
16.1,21.9,46.8,40.2,52.6,103.2,4.8
15.0,22.8,44.3,37.0,49.3,106.0,4.8
16.6,23.3,44.4,37.2,53.5,106.0,4.8
16.0,21.6,46.6,37.8,46.5,107.4,4.8
16.5,21.3,45.1,39.7,52.2,103.8,4.8
14.5,22.8,47.4,39.8,53.3,101.0,4.8
18.2,22.9,46.9,35.5,54.1,110.7,4.8
15.4,22.3,48.4,34.7,57.4,105.0,4.8
16.4,21.6,48.3,41.3,53.4,109.7,4.8
17.0,24.4,49.5,37.0,56.2,110.6,4.8
18.6,22.2,47.8,37.7,51.5,101.1,4.8
15.1,22.4,45.3,36.8,56.2,104.6,4.8
16.0,21.9,45.3,38.8,53.1,108.6,4.8
15.8,22.7,48.9,41.0,53.6,100.7,4.8
16.3,23.8,44.4,39.5,51.3,113.9,4.8
18.4,22.8,44.7,34.3,50.3,96.9,4.8
17.5,22.3,44.8,38.6,53.5,108.5,4.8
18.5,22.2,44.8,39.2,54.8,107.0,4.8
15.5,22.2,49.0,38.6,51.8,108.2,4.8
15.3,21.9,47.0,37.3,51.6,110.2,4.8
16.9,22.1,45.2,39.3,55.6,104.4,4.8
16.5,21.5,47.6,39.7,52.1,107.5,4.8
15.6,23.7,44.0,38.8,49.2,107.5,4.8
17.1,21.1,48.6,38.8,55.8,110.7,4.9
16.3,21.3,45.3,40.2,57.8,113.2,4.9
13.5,22.4,45.7,41.8,57.9,108.7,4.9
17.3,23.0,43.4,39.0,56.2,113.2,4.9
16.7,23.0,46.8,38.9,59.7,111.7,4.9
17.6,22.6,43.7,35.8,54.6,110.4,4.9
15.5,23.1,48.0,40.0,53.5,106.9,4.9
16.4,23.3,42.5,40.1,56.4,111.9,4.9
16.2,22.6,43.9,39.5,53.0,114.0,4.9
15.5,21.8,46.5,40.9,56.4,112.2,4.9
15.8,24.4,46.8,38.3,56.0,104.0,4.9
15.5,22.2,47.4,39.6,59.1,103.5,4.9
15.9,23.8,44.6,40.7,53.4,113.5,4.9
15.8,22.6,46.9,39.2,54.1,113.7,4.9
15.9,22.2,46.2,40.2,56.9,111.2,4.9
14.8,23.3,46.4,39.8,54.8,110.6,4.9
16.0,22.4,47.2,40.9,55.1,105.3,4.9
15.7,22.7,45.2,36.3,55.2,112.1,4.9
17.0,21.9,44.8,38.3,54.3,108.4,4.9
15.6,22.8,46.6,42.0,57.0,104.9,4.9
16.8,23.9,46.8,37.1,57.4,113.0,4.9
15.5,23.2,45.1,40.0,58.2,113.8,4.9
16.2,22.9,45.5,40.1,56.1,106.4,4.9
16.6,24.0,46.8,39.8,56.7,110.4,4.9
16.7,23.9,46.2,39.7,53.2,112.5,4.9
15.8,23.0,46.3,36.7,51.7,112.7,4.9
16.3,22.0,45.6,39.1,54.9,107.9,4.9
16.2,23.6,48.4,38.9,54.7,113.3,4.9
17.2,22.7,47.6,40.7,56.2,111.5,4.9
16.4,22.5,45.4,40.3,54.4,113.2,4.9
16.7,23.2,48.0,39.6,57.1,113.2,4.9
15.8,21.9,43.4,39.2,52.9,114.4,4.9
16.9,23.3,45.2,40.2,51.9,108.3,4.9
16.6,22.1,45.8,39.2,53.4,108.9,4.9
17.1,23.9,44.9,37.2,57.4,112.1,4.9
16.2,23.6,44.3,38.8,51.3,119.9,4.9
15.3,22.5,42.8,40.9,58.8,110.3,4.9
16.1,23.1,47.0,39.3,56.7,110.4,4.9
15.0,22.5,49.0,36.9,55.3,117.8,4.9
16.3,21.8,46.0,41.0,54.1,111.1,4.9
15.1,22.6,48.7,39.0,55.3,108.3,4.9
16.2,24.5,46.1,39.5,54.4,112.8,4.9
16.6,22.5,45.4,40.4,53.6,112.0,4.9
16.2,22.9,46.1,38.4,55.7,112.4,4.9
19.0,22.9,47.1,39.5,54.7,110.6,4.9
16.0,23.6,45.6,40.0,54.6,114.4,4.9
16.9,21.4,45.6,37.9,55.8,107.2,4.9
16.3,23.7,47.7,37.2,60.8,105.6,4.9
17.3,22.8,46.5,40.7,54.5,114.6,4.9
17.6,21.7,45.9,38.9,53.3,114.2,4.9
17.3,21.8,44.9,40.6,57.0,114.6,5.0
15.9,22.3,48.5,42.7,56.1,110.6,5.0
17.3,21.9,45.8,42.2,59.3,116.8,5.0
16.5,23.9,44.4,39.3,56.6,116.4,5.0
17.1,22.4,47.0,41.6,54.6,114.7,5.0
18.1,21.6,48.0,39.4,53.7,116.0,5.0
16.4,22.2,44.2,40.9,54.4,111.0,5.0
16.3,22.1,46.4,38.3,55.4,115.0,5.0
17.3,21.6,45.8,42.4,57.8,114.0,5.0
14.3,24.5,44.7,40.5,54.6,113.1,5.0
15.8,22.8,47.1,43.2,57.1,116.1,5.0
15.9,21.0,46.9,41.8,58.6,113.3,5.0
15.6,20.9,47.7,42.4,60.3,115.3,5.0
16.3,22.6,46.3,38.1,56.4,113.7,5.0
17.1,22.0,42.9,37.2,57.1,107.7,5.0
16.5,22.9,47.9,39.6,55.9,118.0,5.0
15.1,24.1,44.0,40.7,58.6,116.4,5.0
18.2,22.4,45.7,42.2,54.0,116.2,5.0
16.5,22.3,45.3,41.7,56.4,119.8,5.0
15.8,21.9,49.3,39.4,55.8,113.3,5.0
17.0,22.5,45.8,39.3,57.3,116.2,5.0
14.8,22.1,44.4,41.5,57.6,113.6,5.0
18.1,22.1,47.3,39.8,57.1,115.5,5.0
15.3,20.9,46.6,41.3,59.6,116.1,5.0
16.5,24.1,45.5,40.0,55.1,110.6,5.0
17.1,21.5,46.2,41.7,56.8,110.5,5.0
16.7,21.8,45.4,40.3,58.8,111.2,5.0
15.6,21.5,45.4,35.4,61.2,116.0,5.0
18.1,21.5,46.2,41.9,53.3,114.0,5.0
16.8,22.2,48.1,44.1,58.3,114.8,5.0
15.4,22.3,45.7,40.2,53.1,113.2,5.0
16.3,21.5,42.9,42.6,58.4,115.2,5.0
15.8,23.1,46.0,41.0,58.6,114.1,5.0
17.1,21.3,47.1,43.3,59.5,117.3,5.0
16.8,25.3,46.0,41.4,58.3,115.9,5.0
17.3,23.0,48.6,42.2,56.1,116.8,5.0
17.2,22.8,48.1,39.5,56.1,115.0,5.0
16.3,23.1,46.1,39.8,54.8,115.3,5.0
16.0,22.4,45.5,40.3,56.9,114.5,5.0
16.5,22.0,50.1,42.1,57.4,121.1,5.0
17.0,23.1,44.5,41.4,59.0,116.2,5.0
15.6,23.0,46.6,41.4,54.4,113.9,5.0
16.1,23.5,47.7,41.5,57.6,112.6,5.0
17.4,23.8,44.7,39.1,54.0,112.2,5.0
17.8,23.6,44.8,41.3,60.7,115.6,5.0
17.3,23.0,41.7,40.5,57.1,114.7,5.0
16.6,22.9,44.7,38.8,52.7,114.9,5.0
14.9,22.6,48.8,41.8,58.5,110.6,5.0
17.2,22.1,45.0,43.4,58.2,112.2,5.0
16.4,20.3,46.4,37.6,57.3,112.5,5.0
