N_Awal,P_Awal,K_Awal,Volume_Air_ml,Metode_Pemberian,N_Target,P_Target,K_Target,Dosis_Pupuk_Gram
17.5,21.8,45.6,0,0,10.7,13.7,29.9,0.0
16.5,21.5,45.3,0,0,12.4,15.5,26.6,0.0
15.4,21.0,46.5,0,0,10.4,10.2,22.8,0.0
15.8,22.1,43.9,0,0,8.6,11.2,32.4,0.0
16.4,21.4,45.6,0,0,9.2,14.2,24.5,0.0
14.9,22.8,44.2,0,0,9.1,17.7,28.0,0.0
16.2,22.7,46.3,0,0,10.3,10.1,24.0,0.0
15.3,21.5,47.6,0,0,9.8,13.4,23.6,0.0
15.6,21.3,46.9,0,0,10.5,10.5,29.0,0.0
15.7,22.3,47.5,0,0,11.5,15.9,25.5,0.0
14.8,22.8,48.0,0,0,9.3,13.6,24.7,0.0
15.4,22.4,48.3,0,0,9.9,16.0,29.1,0.0
16.8,22.1,45.6,0,0,9.9,17.1,20.1,0.0
16.4,23.5,45.2,0,0,10.1,10.0,27.3,0.0
16.3,21.5,46.8,0,0,8.8,13.0,30.7,0.0
15.7,21.6,43.8,0,0,10.1,15.9,25.9,0.0
15.8,20.6,45.4,0,0,10.4,14.5,28.0,0.0
16.4,23.9,46.3,0,0,9.5,12.4,27.5,0.0
16.0,22.1,49.7,0,0,10.4,13.9,22.2,0.0
14.8,23.1,47.1,0,0,9.7,14.6,27.9,0.0
14.6,22.6,49.3,0,0,11.2,12.2,32.2,0.0
15.5,20.4,46.1,0,0,8.5,12.9,28.3,0.0
17.5,21.2,45.5,0,0,8.4,14.9,25.2,0.0
17.3,20.4,46.3,0,0,11.2,11.5,28.7,0.0
14.7,22.5,46.4,0,0,10.4,15.6,24.3,0.0
16.2,22.3,44.9,0,0,10.4,14.7,26.0,0.0
16.7,21.0,47.2,0,0,12.8,14.9,24.4,0.0
16.4,22.8,48.8,0,0,11.7,12.4,30.9,0.0
15.2,21.9,46.5,0,0,9.6,12.5,25.3,0.0
17.5,21.7,50.1,0,0,10.4,15.7,28.0,0.0
16.5,21.8,47.1,0,0,10.9,12.3,24.8,0.0
14.5,21.6,47.3,0,0,10.7,13.9,25.5,0.0
16.4,21.1,46.2,0,0,10.3,11.5,28.5,0.0
16.6,23.1,47.6,0,0,10.1,11.7,29.1,0.0
16.5,22.5,51.8,0,0,7.9,12.1,29.5,0.0
16.7,21.7,47.1,0,0,10.9,16.3,30.9,0.0
16.1,24.3,43.2,0,0,8.8,13.5,26.5,0.0
17.1,22.1,44.4,0,0,11.0,10.8,26.6,0.0
16.2,22.0,45.0,0,0,8.9,15.4,25.8,0.0
16.2,21.3,47.3,0,0,13.2,15.3,21.9,0.0
16.9,20.8,45.5,0,0,8.8,13.8,29.5,0.0
16.4,20.7,47.4,0,0,9.3,12.7,33.3,0.0
15.5,23.3,44.9,0,0,13.2,16.1,23.4,0.0
15.9,18.8,44.5,0,0,10.7,15.5,25.2,0.0
14.6,21.6,46.2,0,0,9.6,11.5,32.9,0.0
16.0,21.0,46.7,0,0,12.2,11.1,31.5,0.0
15.6,22.1,47.0,0,0,10.3,12.8,28.2,0.0
14.0,21.8,46.9,0,0,12.4,11.5,34.4,0.0
15.5,21.4,47.3,0,0,10.4,12.8,27.4,0.0
16.3,22.8,46.9,0,0,10.5,12.6,30.7,0.0
16.6,22.0,46.2,0,0,8.8,12.9,30.2,0.0
15.8,21.8,47.6,0,0,11.9,12.8,29.6,0.0
16.0,22.7,45.5,0,0,11.2,15.6,31.9,0.0
16.6,21.2,49.1,0,0,10.5,13.7,28.3,0.0
16.8,22.6,46.9,0,0,8.5,11.6,31.5,0.0
15.3,23.0,45.8,0,0,10.0,12.2,28.2,0.0
15.4,21.2,46.4,0,0,8.8,13.4,29.2,0.0
16.2,20.6,43.9,0,0,10.4,13.0,26.6,0.0
17.5,22.9,45.8,0,0,8.9,13.6,28.9,0.0
15.7,22.3,44.8,0,0,10.0,12.0,27.9,0.0
16.4,22.7,45.4,0,0,10.8,17.1,27.7,0.0
15.2,22.0,46.7,0,0,10.3,14.0,28.3,0.0
15.2,22.9,46.3,0,0,12.2,15.9,34.5,0.0
15.4,19.9,45.2,0,0,13.3,12.4,25.5,0.0
17.9,23.0,45.1,0,0,8.9,14.3,29.0,0.0
17.8,23.2,45.3,0,0,8.7,15.0,24.0,0.0
17.2,20.4,45.1,0,0,7.4,16.7,27.7,0.0
16.6,20.9,45.8,0,0,10.0,14.1,26.6,0.0
14.9,20.5,47.9,0,0,10.2,15.0,30.1,0.0
16.1,23.2,46.1,0,0,10.5,12.5,32.7,0.0
17.0,22.6,48.1,0,0,13.1,17.5,27.3,0.0
14.2,20.8,42.9,0,0,8.6,15.4,31.2,0.0
16.1,23.6,43.9,0,0,9.6,15.4,32.5,0.0
16.0,19.9,45.9,0,0,7.4,13.9,29.2,0.0
15.1,21.5,44.4,0,0,8.0,15.3,29.1,0.0
16.5,21.5,44.8,0,0,9.9,15.9,25.0,0.0
14.8,24.0,46.1,0,0,9.8,11.9,26.3,0.0
15.8,22.6,47.1,0,0,9.0,14.4,27.7,0.0
13.7,20.5,48.1,0,0,9.2,12.8,27.2,0.0
16.3,25.1,47.7,0,0,12.5,13.5,29.7,0.0
16.2,21.2,43.9,0,0,9.8,12.1,23.2,0.0
16.9,22.0,48.2,0,0,9.0,11.8,33.1,0.0
16.5,21.0,45.7,0,0,10.1,12.3,32.6,0.0
17.9,20.6,46.8,0,0,8.7,11.2,30.8,0.0
15.1,22.0,44.8,0,0,9.0,13.0,26.2,0.0
15.1,21.4,47.1,0,0,10.4,13.9,27.3,0.0
16.8,20.3,46.8,0,0,10.8,12.0,28.3,0.0
14.2,20.4,46.1,0,0,9.0,15.1,25.7,0.0
14.3,21.9,44.2,0,0,10.4,12.2,29.9,0.0
15.6,23.0,45.1,0,0,9.0,14.1,25.4,0.0
17.4,19.5,44.8,0,0,11.3,11.7,29.6,0.0
15.4,22.1,45.8,0,0,10.9,13.6,29.1,0.0
15.6,21.5,45.4,0,0,11.8,14.5,29.0,0.0
18.1,22.9,45.5,0,0,10.6,13.2,28.9,0.0
15.0,20.1,45.5,0,0,11.8,13.2,21.9,0.0
15.8,22.8,42.7,0,0,10.0,17.4,29.0,0.0
17.1,22.3,45.4,0,0,10.4,15.5,23.6,0.0
16.2,21.5,44.7,0,0,10.9,18.5,28.5,0.0
15.5,22.5,46.5,0,0,11.2,12.3,28.2,0.0
15.0,21.6,46.6,0,0,11.6,13.0,27.2,0.0
17.4,22.4,48.8,0,0,11.1,12.2,30.6,0.0
17.5,22.7,45.9,0,0,8.8,11.5,22.7,0.0
16.1,22.1,47.1,0,0,10.4,11.7,35.3,0.0
16.5,23.9,48.0,0,0,10.7,14.4,25.6,0.0
15.9,22.1,47.6,0,0,12.4,13.0,25.0,0.0
15.6,21.0,43.5,0,0,7.5,17.1,27.5,0.0
14.7,21.7,48.5,0,0,11.2,14.1,24.1,0.0
15.7,19.3,45.9,0,0,9.6,11.0,27.3,0.0
17.1,21.7,44.3,0,0,9.7,15.4,33.5,0.0
16.0,22.2,45.8,0,0,13.9,14.1,28.0,0.0
15.5,21.3,46.2,0,0,9.1,12.9,27.9,0.0
17.1,23.2,42.9,0,0,9.6,17.0,20.0,0.0
15.2,20.9,48.6,0,0,9.5,13.3,23.8,0.0
14.9,21.5,46.7,0,0,11.4,16.5,30.2,0.0
15.6,22.7,46.7,0,0,8.2,15.4,27.3,0.0
16.6,22.6,45.5,0,0,9.5,16.3,24.8,0.0
15.8,21.5,47.6,0,0,10.5,11.5,30.8,0.0
16.6,20.7,48.6,0,0,8.9,11.2,23.3,0.0
15.9,21.5,46.6,0,0,6.9,17.4,28.6,0.0
16.2,21.6,45.9,0,0,9.9,16.2,28.3,0.0
16.7,22.2,45.7,0,0,10.5,10.6,24.0,0.0
15.2,22.2,44.5,0,0,10.0,14.7,26.4,0.0
16.5,22.3,47.5,0,0,10.6,10.6,31.1,0.0
14.7,21.4,46.0,0,0,12.5,16.0,22.5,0.0
15.2,21.4,43.9,0,0,10.8,12.5,28.6,0.0
17.1,21.1,49.9,0,0,8.6,11.3,25.1,0.0
16.7,21.4,46.2,0,0,10.7,14.4,25.4,0.0
15.3,22.0,48.7,0,0,13.8,13.8,31.4,0.0
15.4,22.6,47.5,0,0,9.1,17.6,30.1,0.0
15.8,21.9,46.9,0,0,10.9,10.9,25.8,0.0
16.6,22.6,47.6,0,0,10.3,11.3,29.1,0.0
14.3,22.4,46.3,0,0,11.3,14.9,27.8,0.0
17.1,22.0,47.0,0,0,10.4,11.4,24.8,0.0
15.5,22.1,45.3,0,0,10.0,14.1,30.8,0.0
15.5,23.3,44.7,0,0,9.3,13.4,28.7,0.0
16.2,23.0,43.8,0,0,9.7,13.1,32.3,0.0
17.1,21.5,48.1,0,0,10.4,15.8,28.2,0.0
17.5,23.6,45.2,0,0,13.4,13.3,26.7,0.0
15.1,21.0,44.8,0,0,9.4,13.4,24.0,0.0
15.0,23.0,45.7,0,0,9.9,14.5,32.7,0.0
16.4,22.2,46.7,0,0,9.9,15.3,24.6,0.0
15.5,21.4,45.2,0,0,10.4,18.9,26.1,0.0
15.4,21.2,46.7,0,0,9.0,16.4,32.3,0.0
14.5,23.5,48.7,0,0,9.2,15.3,28.6,0.0
16.3,22.7,49.0,0,0,9.1,13.2,28.9,0.0
15.3,22.0,48.7,0,0,9.7,12.4,23.9,0.0
17.2,24.5,45.2,0,0,9.2,14.4,28.0,0.0
17.8,22.6,45.5,0,0,9.3,16.1,30.0,0.0
16.5,23.1,47.8,0,0,10.9,16.2,30.5,0.0
16.1,23.2,44.8,0,0,12.1,15.3,27.5,0.0
17.3,22.2,46.1,0,0,10.6,13.2,28.1,0.0
18.2,21.7,46.3,0,0,8.0,15.5,29.9,0.0
16.3,22.6,46.3,0,0,10.4,17.2,27.7,0.0
15.0,22.1,44.9,0,0,9.3,14.4,31.2,0.0
16.4,23.6,45.9,0,0,11.8,11.0,26.3,0.0
13.8,22.4,45.2,0,0,9.2,17.8,23.7,0.0
15.4,20.7,47.3,0,0,8.5,15.4,28.7,0.0
14.9,20.5,45.0,0,0,11.0,13.8,33.5,0.0
16.4,20.7,48.2,0,0,9.9,14.5,27.3,0.0
16.5,22.6,46.7,0,0,9.9,16.2,29.0,0.0
16.7,21.9,48.2,0,0,11.0,16.7,28.6,0.0
14.6,22.1,45.0,0,0,9.0,17.6,27.9,0.0
14.1,21.5,42.4,0,0,11.3,12.7,26.7,0.0
16.4,21.0,45.9,0,0,7.6,15.5,30.4,0.0
16.9,21.8,46.0,0,0,10.0,11.7,32.5,0.0
15.3,21.0,45.6,0,0,10.3,9.9,27.3,0.0
16.6,23.4,47.4,0,0,12.7,15.3,26.3,0.0
16.4,22.9,47.0,0,0,10.1,12.7,30.1,0.0
16.2,24.1,45.0,0,0,11.6,12.9,32.0,0.0
15.5,21.7,46.6,0,0,12.6,14.4,26.0,0.0
18.1,23.7,46.7,0,0,10.8,12.9,27.9,0.0
15.0,21.7,43.5,0,0,10.1,14.2,29.8,0.0
17.6,20.8,43.8,0,0,10.6,15.3,26.6,0.0
15.5,23.1,45.9,0,0,10.3,16.1,33.1,0.0
14.4,23.5,48.1,0,0,9.7,15.8,30.0,0.0
16.3,21.4,45.0,0,0,9.1,14.8,29.5,0.0
15.6,22.8,41.7,0,0,10.0,16.3,29.6,0.0
14.9,20.7,47.7,0,0,11.7,10.5,26.9,0.0
16.5,22.1,44.1,0,0,9.3,14.7,27.9,0.0
15.6,23.5,47.3,0,0,11.5,13.0,23.3,0.0
18.1,22.4,46.6,0,0,9.5,13.3,27.0,0.0
15.8,21.9,45.9,0,0,11.5,14.5,27.2,0.0
15.9,22.1,43.0,0,0,11.1,14.1,30.2,0.0
13.1,24.1,45.8,0,0,11.4,14.7,31.0,0.0
14.9,21.4,48.9,0,0,11.7,11.9,29.8,0.0
16.5,22.2,46.5,0,0,9.7,14.4,30.6,0.0
17.1,23.1,47.8,0,0,13.6,13.9,28.6,0.0
14.9,22.3,44.9,0,0,11.0,11.7,32.9,0.0
16.4,23.6,46.7,0,0,9.9,14.7,29.0,0.0
14.8,22.6,47.1,0,0,9.6,15.9,31.6,0.0
16.1,21.8,46.0,0,0,9.6,16.8,27.5,0.0
15.2,21.0,42.8,0,0,8.4,11.1,32.8,0.0
17.0,21.3,49.4,0,0,9.0,11.4,32.9,0.0
18.3,20.6,43.5,0,0,11.5,13.4,20.5,0.0
16.6,22.6,47.3,0,0,11.5,18.9,32.2,0.0
15.9,21.2,45.6,0,0,11.1,14.6,28.3,0.0
14.9,22.2,48.1,0,0,7.5,13.8,25.0,0.0
16.9,21.0,45.7,0,0,11.4,10.9,25.0,0.0
14.7,21.4,46.5,0,0,10.8,12.1,28.3,0.0
16.6,22.2,48.0,0,0,7.6,14.9,27.9,0.0
16.5,22.0,46.1,0,0,10.2,13.1,28.4,0.0
17.7,20.8,45.0,0,0,8.9,12.7,23.8,0.0
17.2,21.3,46.4,0,0,8.9,15.8,27.1,0.0
16.3,22.6,46.6,0,0,8.7,18.3,24.4,0.0
15.9,23.0,49.3,0,0,9.7,13.7,28.1,0.0
18.6,21.2,48.5,0,0,9.2,11.3,27.7,0.0
17.6,21.6,45.7,0,0,12.5,12.9,29.7,0.0
14.8,22.0,44.8,0,0,9.1,12.0,26.1,0.0
16.8,20.0,46.6,0,0,10.4,10.9,29.0,0.0
16.4,21.3,45.9,0,0,11.8,11.6,33.0,0.0
15.1,22.2,43.9,0,0,10.8,14.2,29.6,0.0
17.2,23.1,46.9,0,0,9.8,12.2,25.8,0.0
16.1,24.3,46.6,0,0,8.4,13.4,31.6,0.0
15.8,22.7,47.4,0,0,10.3,13.4,28.4,0.0
16.5,20.9,42.8,0,0,8.8,11.3,22.5,0.0
16.8,22.1,45.9,0,0,10.6,19.0,28.0,0.0
16.3,21.3,47.5,0,0,11.4,13.4,28.8,0.0
15.1,22.0,46.0,0,0,9.7,12.5,29.6,0.0
16.8,23.4,46.8,0,0,11.6,14.9,27.9,0.0
15.7,21.4,45.7,0,0,10.0,11.4,24.8,0.0
16.5,22.1,43.0,0,0,10.1,15.1,27.8,0.0
16.6,23.5,47.8,0,0,8.6,13.7,24.4,0.0
15.7,21.4,45.5,0,0,9.7,17.0,28.4,0.0
16.0,22.4,47.8,0,0,9.4,14.3,28.5,0.0
16.9,20.6,45.7,0,0,11.4,11.0,20.3,0.0
16.8,21.4,42.1,0,0,8.2,10.4,29.6,0.0
16.2,22.0,46.9,0,0,9.2,14.8,23.6,0.0
15.8,22.0,44.6,0,0,10.2,12.1,31.6,0.0
17.7,20.6,43.6,0,0,9.3,12.2,27.5,0.0
17.0,21.4,48.7,0,0,12.2,13.6,26.0,0.0
15.4,22.7,46.4,0,0,11.0,13.0,34.5,0.0
15.2,22.5,45.0,0,0,12.0,17.1,28.1,0.0
16.2,20.7,44.5,0,0,13.0,14.3,26.9,0.0
16.5,23.2,47.1,0,0,11.8,12.7,24.9,0.0
17.5,21.7,45.6,0,0,11.5,12.5,23.7,0.0
18.2,21.4,47.4,0,0,12.0,15.1,29.4,0.0
16.5,22.5,47.6,0,0,10.1,14.5,32.6,0.0
14.0,24.1,44.3,0,0,9.5,12.3,24.9,0.0
16.8,22.9,45.1,0,0,9.7,13.4,28.9,0.0
17.6,22.5,47.1,0,0,9.7,14.6,27.3,0.0
14.7,22.4,45.0,0,0,11.0,16.3,28.5,0.0
16.0,22.3,48.6,0,0,9.2,15.2,31.7,0.0
14.2,22.8,46.6,0,0,10.4,19.2,29.7,0.0
14.8,21.8,44.7,0,0,11.9,15.3,27.6,0.0
16.4,20.8,46.7,0,0,9.1,15.2,33.0,0.0
16.0,21.2,47.0,0,0,11.8,12.8,27.6,0.0
15.6,22.7,45.4,0,0,9.8,14.8,25.3,0.0
16.9,20.6,43.4,0,0,12.6,13.2,28.7,0.0
18.6,21.4,46.3,0,0,7.7,16.5,26.3,0.0
17.2,23.0,46.9,0,0,12.3,18.0,34.2,0.0
16.0,21.8,45.3,0,0,11.2,12.9,25.5,0.0
17.5,20.9,45.7,0,0,11.0,15.9,28.3,0.0
15.9,23.5,46.9,0,0,8.9,10.3,27.8,0.0
16.6,21.8,44.6,0,0,8.5,17.7,31.7,0.0
17.5,21.5,44.3,0,0,9.4,16.2,33.7,0.0
15.9,21.5,43.6,0,0,10.2,10.5,29.0,0.0
13.1,22.0,48.7,0,0,10.8,12.9,24.5,0.0
16.5,21.0,46.5,0,0,12.5,13.1,26.2,0.0
15.8,21.1,44.8,0,0,11.1,16.5,27.7,0.0
15.2,23.5,45.6,0,0,9.7,14.7,30.7,0.0
16.9,22.7,45.6,0,0,10.0,12.5,20.7,0.0
15.5,22.8,44.1,0,0,10.1,15.0,23.3,0.0
16.0,20.4,47.7,0,0,10.4,11.3,29.4,0.0
17.1,21.0,46.1,0,0,8.9,12.4,28.6,0.0
15.6,21.2,46.1,0,0,10.6,15.4,28.5,0.0
16.9,19.6,44.5,0,0,8.4,8.2,29.3,0.0
15.3,21.8,48.1,0,0,10.9,18.1,28.1,0.0
15.0,22.1,48.4,0,0,9.0,12.4,26.6,0.0
14.4,22.9,45.9,0,0,10.5,13.5,27.1,0.0
15.2,21.6,47.7,0,0,9.7,20.4,28.9,0.0
15.3,23.9,47.6,0,0,10.2,11.1,30.8,0.0
16.9,22.5,44.7,0,0,9.3,16.6,28.2,0.0
15.6,21.0,46.6,0,0,9.0,16.1,27.0,0.0
17.4,21.9,46.7,0,0,13.1,11.9,28.1,0.0
17.0,23.2,49.9,0,0,8.4,14.9,27.4,0.0
15.6,22.3,45.6,0,0,10.9,14.7,28.6,0.0
17.1,23.3,45.8,0,0,10.3,16.6,25.0,0.0
16.0,21.0,45.2,0,0,6.8,12.8,31.9,0.0
15.6,21.6,44.6,0,0,11.3,15.1,27.3,0.0
17.5,23.0,45.4,0,0,12.4,13.4,31.7,0.0
16.3,20.8,47.8,0,0,10.6,14.0,25.3,0.0
15.7,22.6,45.3,0,0,9.3,14.4,28.8,0.0
17.9,21.0,45.0,0,0,11.3,11.3,28.4,0.0
16.5,22.6,47.7,0,0,10.8,14.4,29.1,0.0
17.9,21.9,44.5,0,0,10.6,13.5,30.0,0.0
16.8,21.5,45.9,0,0,11.7,13.8,21.5,0.0
15.6,22.5,45.6,0,0,10.5,14.4,30.1,0.0
17.1,21.5,47.2,0,0,11.1,15.2,25.2,0.0
15.7,22.0,45.5,0,0,10.6,17.7,27.3,0.0
14.9,23.0,48.6,0,0,11.2,10.8,24.8,0.0
17.2,21.1,46.4,0,0,9.8,13.7,28.2,0.0
17.0,19.3,47.0,0,0,11.5,15.0,28.6,0.0
17.4,21.9,47.4,0,0,9.0,10.3,29.5,0.0
16.7,22.1,43.6,0,0,12.4,16.6,32.9,0.0
15.8,22.1,46.8,0,0,9.6,12.3,34.5,0.0
16.2,21.3,44.0,0,0,10.1,17.4,26.1,0.0
15.3,20.6,45.9,0,0,9.1,13.9,26.7,0.0
14.5,21.7,44.9,0,0,7.7,15.5,28.2,0.0
16.1,21.8,47.0,0,0,10.5,16.7,22.4,0.0
15.2,23.1,46.0,0,0,10.3,12.5,27.0,0.0
14.5,20.2,43.6,0,0,12.9,13.9,25.9,0.0
16.9,21.5,46.2,0,0,10.4,15.0,23.3,0.0
15.1,19.8,44.9,0,0,12.4,15.8,27.2,0.0
16.1,21.8,45.0,0,0,9.7,12.0,27.6,0.0
17.4,21.9,46.0,0,0,10.3,14.9,24.7,0.0
16.3,21.4,46.5,0,0,11.1,14.5,30.9,0.0
15.8,21.9,43.2,0,0,8.3,14.2,27.9,0.0
15.0,23.3,44.7,0,0,9.2,14.2,28.5,0.0
17.8,20.8,47.4,0,0,11.5,14.9,26.1,0.0
15.7,22.3,46.4,0,0,11.5,12.7,32.2,0.0
14.3,23.3,43.5,0,0,9.8,15.6,30.4,0.0
15.6,20.9,45.7,0,0,11.5,16.3,24.7,0.0
17.4,21.4,45.7,0,0,9.5,15.6,31.9,0.0
17.6,20.8,45.1,0,0,7.5,12.4,30.9,0.0
16.4,21.5,46.0,0,0,10.0,14.6,25.6,0.0
15.9,21.9,45.4,0,0,10.8,14.0,26.7,0.0
15.7,22.7,45.5,0,0,9.6,17.2,29.7,0.0
16.4,20.4,44.3,0,0,11.8,14.7,27.7,0.0
18.2,22.6,46.8,0,0,8.2,14.3,33.2,0.0
15.4,21.8,45.3,0,0,7.3,12.9,25.6,0.0
16.2,24.1,44.6,0,0,7.0,15.5,24.8,0.0
18.0,20.8,46.7,0,0,6.2,13.4,31.3,0.0
14.5,22.3,46.7,0,0,9.3,13.8,35.9,0.0
15.6,22.3,45.5,0,0,11.6,14.2,28.9,0.0
16.0,23.1,45.9,0,0,10.9,13.3,29.1,0.0
15.3,21.4,48.1,0,0,7.3,16.5,25.3,0.0
16.2,21.9,46.4,0,0,6.8,20.3,31.2,0.0
16.1,21.8,45.8,0,0,10.8,15.3,29.7,0.0
13.1,22.7,46.3,0,0,9.7,16.3,29.8,0.0
16.9,21.2,46.6,0,0,10.0,13.2,31.4,0.0
16.9,23.0,46.8,0,0,8.5,11.2,26.1,0.0
16.4,22.8,47.1,0,0,11.1,15.0,26.1,0.0
17.1,22.0,44.7,0,0,11.8,15.4,29.1,0.0
15.9,21.2,45.5,0,0,9.8,12.5,26.0,0.0
15.2,22.7,47.4,0,0,7.2,14.4,28.0,0.0
15.1,22.8,45.7,0,0,7.6,12.5,25.7,0.0
14.8,22.1,46.4,0,0,9.6,10.0,29.9,0.0
16.2,23.8,47.9,0,0,12.0,11.4,18.9,0.0
15.0,22.5,46.8,0,0,10.3,13.0,30.4,0.0
15.5,22.0,43.3,0,0,11.6,19.5,29.2,0.0
16.2,21.2,47.7,0,0,9.0,13.2,26.4,0.0
16.2,22.8,44.7,0,0,10.0,14.0,27.0,0.0
15.2,21.5,47.3,0,0,9.0,13.4,24.0,0.0
15.9,22.4,45.8,0,0,10.4,14.4,30.6,0.0
15.9,23.4,47.4,0,0,10.4,12.8,20.7,0.0
16.2,21.4,45.5,0,0,11.4,16.5,28.3,0.0
15.5,22.0,46.9,0,0,10.9,16.4,27.6,0.0
14.8,21.5,45.8,0,0,7.8,9.4,26.3,0.0
16.3,22.6,44.3,0,0,9.3,16.9,29.0,0.0
14.9,20.4,47.2,0,0,11.6,13.8,30.0,0.0
17.1,20.8,48.5,0,0,10.6,12.2,25.4,0.0
16.6,21.5,45.8,0,0,8.6,15.3,27.0,0.0
15.5,21.8,44.5,0,0,10.1,12.0,30.2,0.0
16.8,22.0,45.6,0,0,6.2,13.6,35.2,0.0
17.1,22.7,47.1,0,0,10.0,15.1,24.5,0.0
16.6,21.6,45.1,0,0,10.7,14.0,30.0,0.0
14.5,22.2,46.1,0,0,10.2,17.1,24.3,0.0
17.5,20.4,44.8,0,0,10.3,14.5,27.3,0.0
17.7,22.0,46.3,0,0,9.8,10.7,27.5,0.0
15.7,23.3,46.8,0,0,8.1,12.8,26.9,0.0
17.1,23.6,44.5,0,0,8.3,14.5,29.5,0.0
16.5,23.0,45.9,0,0,8.8,11.5,27.3,0.0
18.1,20.4,46.3,0,0,9.5,14.3,25.5,0.0
15.6,21.8,48.1,0,0,13.0,14.0,27.4,0.0
15.7,21.6,46.9,0,0,6.7,17.1,23.7,0.0
14.6,22.2,45.0,0,0,7.6,14.9,34.1,0.0
16.5,23.8,45.7,0,0,10.6,14.0,26.1,0.0
16.5,23.5,46.5,0,0,11.1,11.4,25.1,0.0
16.6,22.9,45.3,0,0,9.5,14.0,24.2,0.0
15.9,24.1,45.6,0,0,9.3,14.5,26.7,0.0
15.8,21.4,48.0,0,0,9.5,12.7,30.2,0.0
17.0,21.3,47.2,0,0,12.1,12.8,22.4,0.0
16.7,22.0,44.6,0,0,7.0,15.8,24.4,0.0
16.6,24.0,43.7,0,0,9.4,15.4,28.3,0.0
14.7,21.8,47.4,0,0,12.4,14.2,25.3,0.0
16.0,20.7,46.5,0,0,9.8,17.0,23.6,0.0
16.2,22.4,46.6,0,0,11.3,13.2,20.2,0.0
17.2,20.2,46.5,0,0,11.9,11.9,30.0,0.0
15.5,21.3,46.1,0,0,9.2,13.8,29.0,0.0
14.9,22.7,46.7,0,0,8.4,11.8,30.0,0.0
15.0,21.5,46.7,0,0,7.4,12.6,31.6,0.0
17.4,23.7,47.5,0,0,11.2,13.5,26.2,0.0
16.5,22.4,48.1,0,0,10.1,12.4,25.5,0.0
15.0,21.6,46.4,0,0,11.0,11.0,31.2,0.0
15.8,22.5,47.3,0,0,13.0,20.2,29.8,0.0
16.5,22.7,46.6,0,0,9.5,17.6,28.7,0.0
14.9,22.4,47.2,0,0,11.3,12.8,26.3,0.0
16.7,20.9,45.4,0,0,10.7,17.3,28.0,0.0
15.9,20.5,45.5,0,0,11.0,15.7,27.1,0.0
16.0,22.0,45.0,0,0,11.3,15.2,29.5,0.0
15.5,19.8,47.6,0,0,11.0,14.8,29.5,0.0
15.6,23.1,46.9,0,0,9.3,12.3,30.1,0.0
16.3,21.6,46.2,0,0,11.0,11.3,31.6,0.0
14.6,20.5,47.7,0,0,7.3,14.8,24.9,0.0
14.3,20.9,47.9,0,0,9.1,17.1,26.4,0.0
16.5,23.1,48.2,0,0,9.8,12.9,28.5,0.0
16.3,21.0,44.6,0,0,9.5,11.3,26.8,0.0
15.2,21.8,44.6,0,0,10.5,13.9,28.1,0.0
15.1,20.5,45.0,0,0,11.3,16.1,22.5,0.0
15.0,22.2,46.1,0,0,9.9,11.1,25.2,0.0
15.7,23.7,48.0,40,0,27.6,41.4,80.5,1.0
14.9,22.8,48.3,40,0,26.8,42.7,84.5,1.0
16.3,22.6,46.5,40,0,27.0,39.2,85.2,1.0
17.2,21.8,45.9,40,0,29.3,38.4,85.3,1.0
15.9,23.1,45.5,40,0,26.4,42.0,83.8,1.0
15.8,22.2,45.4,40,0,29.6,39.0,82.0,1.0
14.4,23.7,48.1,40,0,28.5,42.7,80.8,1.0
16.3,22.3,45.6,40,0,26.8,42.4,80.6,1.0
15.2,21.9,44.9,40,0,27.6,39.6,79.4,1.0
16.2,22.5,46.7,40,0,29.8,44.0,80.4,1.0
14.8,22.9,47.3,40,0,28.8,42.5,83.6,1.0
15.8,23.1,49.5,40,0,27.6,41.1,84.2,1.0
16.7,21.8,48.2,40,0,27.6,38.3,83.0,1.0
17.7,24.0,44.9,40,0,26.7,42.4,80.3,1.0
16.0,22.0,43.1,40,0,27.9,42.7,80.9,1.0
17.4,20.7,47.2,40,0,28.7,39.6,80.6,1.0
16.3,22.6,47.5,40,0,28.3,40.5,84.5,1.0
15.2,24.9,47.9,40,0,28.2,39.8,78.9,1.0
16.5,22.5,45.6,40,0,26.7,38.4,83.6,1.0
13.8,21.8,44.7,40,0,28.5,41.7,82.4,1.0
15.7,22.9,46.7,40,0,29.0,47.0,83.2,1.0
14.9,22.5,44.6,40,0,29.4,42.2,88.3,1.0
15.7,23.0,47.4,40,0,29.6,39.2,80.9,1.0
14.7,21.8,45.5,40,0,26.9,41.1,80.0,1.0
15.4,23.0,49.1,40,0,32.4,41.9,78.0,1.0
16.4,21.1,46.8,40,0,26.4,37.3,87.7,1.0
16.9,21.0,46.1,40,0,24.8,41.0,83.1,1.0
15.6,21.0,47.0,40,0,27.3,41.5,79.4,1.0
14.6,21.7,45.9,40,0,30.0,40.6,82.2,1.0
17.0,22.3,48.6,40,0,32.7,38.8,86.5,1.0
17.2,23.1,45.1,40,0,29.3,41.8,82.0,1.0
15.9,23.2,45.3,40,0,26.8,40.6,79.7,1.0
13.8,21.4,46.3,40,0,28.7,41.1,84.7,1.0
16.6,21.4,44.2,40,0,30.5,40.0,76.5,1.0
13.8,22.9,47.9,40,0,27.8,40.7,80.3,1.0
16.0,22.6,47.0,40,0,29.7,38.7,81.5,1.0
17.5,22.7,47.2,40,0,27.6,41.2,83.5,1.0
15.1,23.4,47.0,40,0,28.9,43.8,83.3,1.0
16.5,22.2,46.5,40,0,28.1,40.1,83.0,1.0
16.9,21.0,46.6,40,0,31.3,43.2,82.7,1.0
15.3,20.9,44.8,40,0,31.4,40.6,79.6,1.0
16.9,21.1,48.3,40,0,28.2,38.2,82.2,1.0
16.9,20.9,47.3,40,0,29.5,43.1,80.1,1.0
15.1,22.6,44.6,40,0,29.0,42.1,78.6,1.0
14.8,22.6,46.9,40,0,29.4,38.3,84.7,1.0
15.5,21.0,43.1,40,0,27.7,42.2,82.9,1.0
15.7,22.7,45.5,40,0,29.3,37.9,82.4,1.0
16.3,22.5,43.7,40,0,28.2,42.5,83.1,1.0
15.8,22.0,45.8,40,0,29.9,42.2,79.1,1.0
14.7,22.6,48.0,40,0,29.2,43.9,85.4,1.0
17.0,22.2,47.6,40,0,29.3,43.2,88.1,1.0
17.6,21.2,48.3,40,0,28.9,41.1,81.1,1.0
13.9,22.6,47.3,40,0,29.5,38.2,83.2,1.0
15.5,20.9,48.2,40,0,27.8,41.3,88.0,1.0
17.3,21.3,45.3,40,0,31.7,41.0,85.1,1.0
15.1,24.0,45.2,40,0,30.6,44.4,83.8,1.0
16.9,22.4,46.7,40,0,28.2,41.7,86.8,1.0
15.7,22.2,44.3,40,0,28.8,42.1,74.5,1.0
17.6,21.5,45.8,40,0,29.3,40.6,87.4,1.0
15.2,20.9,46.9,40,0,28.6,40.1,82.7,1.0
15.4,22.3,47.2,40,0,29.7,39.4,84.8,1.0
15.8,21.8,44.9,40,0,28.7,41.9,80.6,1.0
15.7,21.7,45.6,40,0,28.5,37.9,80.6,1.0
15.4,20.8,44.4,40,0,28.6,42.0,84.7,1.0
14.7,21.5,46.3,40,0,28.0,40.3,79.8,1.0
15.1,22.0,44.7,40,0,29.6,39.9,80.9,1.0
16.3,22.2,50.0,40,0,29.6,37.4,81.0,1.0
14.2,21.9,44.8,40,0,29.3,39.0,81.8,1.0
15.4,23.7,45.5,40,0,30.1,39.9,81.8,1.0
16.4,22.4,43.1,40,0,31.5,42.6,83.6,1.0
14.6,21.9,48.6,40,0,28.3,42.7,82.0,1.0
15.6,20.3,44.6,40,0,30.6,40.9,85.0,1.0
15.7,23.9,48.4,40,0,31.1,40.5,81.4,1.0
14.5,23.5,44.2,40,0,32.1,40.7,83.0,1.0
15.2,21.4,45.2,40,0,29.1,38.8,80.3,1.0
16.2,23.2,45.2,40,0,27.9,42.7,78.8,1.0
16.2,21.5,46.7,40,0,27.7,40.6,85.6,1.0
15.7,21.2,44.7,40,0,27.1,42.4,83.3,1.0
16.5,19.9,45.1,40,0,29.5,43.5,80.2,1.0
15.3,22.3,45.7,40,0,28.7,39.2,79.3,1.0
16.5,19.3,45.3,40,0,25.4,36.8,80.3,1.0
16.4,22.1,42.8,40,0,27.9,43.8,81.0,1.0
19.9,19.9,48.6,40,0,29.9,41.5,83.6,1.0
15.6,21.4,46.5,40,0,28.3,41.6,82.0,1.0
14.9,21.5,47.9,40,0,26.5,42.5,80.9,1.0
16.8,22.7,48.8,40,0,27.9,41.7,79.9,1.0
17.3,21.3,47.1,40,0,28.5,42.4,82.4,1.0
16.3,21.9,46.3,40,0,28.4,40.9,82.4,1.0
15.5,21.1,47.4,40,0,31.1,43.0,84.7,1.0
15.8,20.4,45.4,40,0,30.0,44.0,80.3,1.0
15.8,22.3,44.3,40,0,30.2,40.1,84.0,1.0
14.4,23.2,47.2,40,0,28.9,35.0,81.5,1.0
17.7,22.9,45.6,40,0,29.4,44.1,79.3,1.0
15.4,21.5,44.4,40,0,30.4,38.8,79.6,1.0
15.4,20.2,46.4,40,0,30.6,40.5,83.2,1.0
18.0,22.9,46.2,40,0,25.9,40.9,78.0,1.0
16.2,22.3,47.9,40,0,30.6,39.3,83.7,1.0
15.0,21.9,46.1,40,0,29.8,41.6,77.1,1.0
16.6,22.1,45.7,40,0,27.0,45.8,86.7,1.0
14.8,22.3,45.8,40,0,27.3,41.2,82.9,1.0
17.9,22.6,44.0,40,0,25.9,39.3,80.9,1.0
15.5,21.9,48.0,40,0,29.5,37.9,85.4,1.0
17.0,20.5,41.8,40,0,26.8,38.2,80.4,1.0
15.5,21.6,47.7,40,0,28.1,42.1,85.7,1.0
16.4,21.5,46.1,40,0,25.9,40.2,82.7,1.0
15.0,22.1,46.7,40,0,25.0,39.7,83.5,1.0
15.8,22.6,46.2,40,0,28.2,41.4,79.2,1.0
14.0,23.2,45.5,40,0,27.9,41.5,84.3,1.0
15.3,21.7,44.8,40,0,29.4,43.4,78.0,1.0
16.2,20.8,45.4,40,0,31.3,39.3,80.4,1.0
15.5,20.5,46.5,40,0,29.2,40.4,81.8,1.0
16.7,20.7,48.6,40,0,31.4,41.1,82.8,1.0
17.8,22.8,46.8,40,0,29.0,44.3,79.9,1.0
16.1,20.0,44.3,40,0,29.1,40.5,85.7,1.0
17.2,20.0,46.2,40,0,28.5,41.6,81.9,1.0
16.4,21.1,47.9,40,0,26.0,42.5,81.8,1.0
16.6,21.3,47.3,40,0,30.3,42.2,81.7,1.0
16.4,20.7,46.9,40,0,31.2,43.2,79.9,1.0
15.7,21.7,44.2,40,0,29.4,37.3,78.6,1.0
15.2,23.0,48.5,40,0,29.3,41.5,81.5,1.0
15.6,21.9,47.1,40,0,28.0,39.8,83.6,1.0
15.6,21.9,45.9,40,0,25.9,43.7,82.3,1.0
16.4,23.0,44.5,40,0,26.1,44.0,82.2,1.0
13.9,21.9,45.1,40,0,29.4,40.5,84.7,1.0
15.3,21.9,44.7,40,0,29.4,42.0,80.0,1.0
15.6,21.0,43.6,40,0,30.0,40.3,73.4,1.0
16.3,21.4,46.7,40,0,26.9,41.2,86.1,1.0
14.2,21.6,46.2,40,0,28.0,39.6,78.6,1.0
16.6,20.7,47.2,40,0,28.6,40.2,79.3,1.0
15.5,23.0,46.8,40,0,27.2,39.5,77.7,1.0
15.7,21.2,48.0,40,0,30.2,42.1,78.8,1.0
17.8,21.6,47.1,40,0,26.9,42.8,84.8,1.0
14.1,22.7,43.2,40,0,32.2,39.8,77.5,1.0
16.4,22.2,47.9,40,0,28.2,41.9,82.7,1.0
16.8,22.9,46.7,40,0,27.3,39.7,79.8,1.0
17.5,22.7,48.7,40,0,30.5,38.7,87.1,1.0
16.7,20.9,47.1,40,0,26.2,40.0,79.9,1.0
15.0,21.2,47.9,40,0,30.8,42.4,83.0,1.0
14.0,20.9,48.9,40,0,29.9,40.9,80.9,1.0
14.7,22.2,47.4,40,0,26.8,41.4,85.1,1.0
17.1,21.8,47.2,40,0,28.7,46.8,77.1,1.0
14.1,22.6,46.4,40,0,29.4,39.6,82.8,1.0
16.1,21.1,44.9,40,0,29.7,43.1,83.2,1.0
16.0,21.1,47.8,40,0,30.5,43.9,81.4,1.0
15.6,22.2,47.0,40,0,29.7,44.9,79.5,1.0
16.7,21.1,48.0,40,0,28.4,39.3,84.8,1.0
16.6,21.1,46.0,40,0,30.5,41.3,82.3,1.0
17.5,21.7,45.7,40,0,25.5,42.8,77.4,1.0
13.5,23.3,46.5,40,0,27.8,40.4,86.4,1.0
15.1,20.8,47.7,40,0,26.9,38.9,87.1,1.0
15.0,23.1,47.6,40,0,29.2,39.1,82.8,1.0
16.0,20.8,46.7,40,0,29.5,41.7,87.4,1.0
16.4,21.9,44.5,40,0,31.9,39.0,81.0,1.0
15.1,20.5,46.4,40,0,30.4,45.7,82.7,1.0
15.4,20.9,47.3,40,0,30.4,42.0,82.1,1.0
16.6,23.4,44.0,40,0,30.1,37.9,86.9,1.0
17.8,22.7,45.6,40,0,26.7,40.7,83.6,1.0
17.6,21.7,48.4,40,0,27.2,43.5,79.2,1.0
15.7,22.4,46.1,40,0,29.7,40.7,80.6,1.0
13.9,22.5,44.5,40,0,27.8,40.7,82.3,1.0
14.6,21.3,48.9,40,0,27.0,37.6,76.7,1.0
16.1,21.9,44.2,40,0,27.9,41.4,83.3,1.0
15.0,21.7,44.6,40,0,30.9,44.6,77.1,1.0
17.2,22.2,47.5,40,0,29.5,39.6,88.6,1.0
16.1,22.9,46.2,40,0,30.4,39.9,79.7,1.0
15.9,24.0,43.9,40,0,26.4,39.4,81.9,1.0
15.6,22.5,46.9,40,0,29.5,44.0,88.9,1.0
13.5,22.7,46.2,40,0,29.0,40.8,83.4,1.0
15.6,24.0,44.8,40,0,28.4,45.1,80.1,1.0
16.2,20.7,45.2,40,0,27.9,40.7,84.6,1.0
16.4,20.2,47.6,40,0,27.8,40.9,83.4,1.0
17.1,22.5,48.0,40,0,29.1,43.8,83.4,1.0
16.9,22.6,44.1,40,0,29.5,40.8,88.9,1.0
15.4,22.1,48.4,40,0,26.8,41.6,82.5,1.0
15.2,21.6,45.4,40,0,29.8,38.7,81.8,1.0
15.4,19.1,49.1,40,0,28.0,38.5,81.7,1.0
14.8,23.7,48.8,40,0,30.4,40.3,82.2,1.0
14.7,21.6,46.2,40,0,29.0,43.1,82.6,1.0
15.9,22.1,44.4,40,0,28.0,40.6,81.8,1.0
13.9,23.2,48.1,40,0,27.7,38.5,85.0,1.0
15.9,21.0,45.2,40,0,28.3,35.8,81.0,1.0
14.4,21.7,45.7,40,0,31.0,42.3,79.3,1.0
17.9,22.8,45.9,40,0,29.5,39.9,83.6,1.0
15.4,22.0,46.1,40,0,28.5,40.3,85.7,1.0
15.9,22.5,45.2,40,0,28.0,38.3,83.1,1.0
14.3,22.4,46.7,40,0,30.6,39.3,87.2,1.0
13.8,22.5,42.3,40,0,27.5,41.9,85.9,1.0
14.8,21.8,49.1,40,0,27.3,44.3,80.4,1.0
17.9,21.9,44.1,40,0,26.0,38.9,86.6,1.0
15.2,22.0,45.8,40,0,31.9,44.2,84.1,1.0
14.9,23.4,46.5,40,0,29.2,43.9,84.7,1.0
16.0,21.5,43.6,40,0,29.8,44.0,78.8,1.0
16.0,22.6,46.2,40,0,29.3,46.0,76.6,1.0
15.2,19.8,47.8,40,0,28.6,38.4,82.8,1.0
17.1,22.2,47.4,40,0,30.2,41.1,82.8,1.0
16.2,20.7,46.4,40,0,28.3,43.6,83.1,1.0
14.9,24.1,48.0,40,0,27.5,39.7,79.7,1.0
14.7,21.3,44.6,40,0,31.6,38.6,82.3,1.0
16.6,24.3,43.8,40,0,30.6,40.2,85.3,1.0
17.0,22.3,45.7,40,0,30.6,43.3,79.2,1.0
16.0,22.8,44.8,40,0,27.5,39.6,88.3,1.0
15.6,22.0,46.2,40,0,27.6,43.2,78.1,1.0
16.7,21.0,45.6,40,0,28.5,41.8,84.2,1.0
16.4,20.0,46.1,40,0,30.5,42.8,78.0,1.0
16.8,20.5,45.1,40,0,31.6,39.1,79.6,1.0
16.7,22.4,46.4,40,0,29.6,39.8,81.4,1.0
16.5,21.5,45.7,40,0,28.2,41.8,81.7,1.0
14.9,22.3,46.3,40,0,27.2,40.9,79.7,1.0
16.6,22.4,44.8,40,0,29.9,40.2,83.3,1.0
13.9,22.2,49.3,40,0,29.0,41.7,82.1,1.0
16.3,23.2,44.1,40,0,28.2,39.6,83.2,1.0
16.3,23.0,47.3,40,0,29.8,42.2,81.7,1.0
16.1,22.1,45.8,40,0,27.0,42.7,81.9,1.0
15.6,22.2,47.8,40,0,30.5,40.9,78.8,1.0
16.3,23.3,45.8,40,0,29.6,39.3,89.6,1.0
17.1,22.9,45.5,40,0,29.5,42.7,85.8,1.0
15.8,23.1,48.2,40,0,27.9,41.7,84.9,1.0
16.3,21.5,48.0,40,0,27.4,39.3,81.7,1.0
14.7,22.3,42.8,40,0,29.4,41.1,77.8,1.0
18.3,21.8,45.8,40,0,30.2,40.7,91.8,1.0
14.2,21.4,46.9,40,0,30.2,44.4,77.2,1.0
13.7,22.9,44.8,40,0,29.5,43.2,78.5,1.0
15.9,21.5,45.8,40,0,25.7,41.3,84.5,1.0
16.5,22.3,46.3,40,0,28.2,38.3,80.0,1.0
16.2,23.4,43.8,40,0,27.2,40.7,75.6,1.0
15.6,21.3,43.0,40,0,27.9,41.7,85.9,1.0
16.0,22.3,46.0,40,0,28.9,45.1,82.9,1.0
16.0,21.0,48.0,40,0,27.5,42.7,82.8,1.0
15.5,21.2,44.9,40,0,29.7,39.9,85.1,1.0
14.8,19.9,45.9,40,0,26.1,42.0,76.6,1.0
14.8,22.5,45.2,40,0,28.5,40.4,79.0,1.0
17.3,22.6,45.4,40,0,29.2,39.2,82.7,1.0
15.7,21.8,46.3,40,0,29.1,40.5,82.1,1.0
14.4,20.8,46.2,40,0,27.2,39.0,77.9,1.0
14.0,22.7,47.2,40,0,27.4,42.0,82.2,1.0
16.1,20.7,43.3,40,0,27.2,41.9,79.5,1.0
14.8,21.6,46.4,40,0,28.2,40.8,80.9,1.0
17.2,20.8,46.7,40,0,28.7,41.4,80.1,1.0
15.5,23.0,43.9,40,0,30.5,42.0,81.5,1.0
16.4,21.0,45.5,40,0,27.3,40.2,85.8,1.0
14.6,23.6,47.2,40,0,27.8,39.6,85.0,1.0
14.6,21.5,46.7,40,0,30.4,40.1,81.7,1.0
15.8,20.6,46.9,40,0,30.7,38.8,81.0,1.0
15.2,22.0,45.7,40,0,27.6,40.6,80.8,1.0
17.7,22.1,47.5,40,0,28.2,39.6,83.1,1.0
14.5,21.3,47.8,40,0,26.6,41.3,78.8,1.0
15.8,22.3,46.3,40,0,30.2,41.5,77.5,1.0
16.5,19.8,45.8,40,0,26.0,39.2,81.9,1.0
16.6,21.2,43.1,40,0,28.9,42.7,84.2,1.0
16.7,22.4,46.6,40,0,28.1,43.0,86.3,1.0
15.1,23.6,45.5,40,0,27.9,40.8,87.1,1.0
15.3,20.6,46.3,40,0,30.7,38.2,83.9,1.0
15.9,21.9,46.8,40,0,30.2,39.3,77.6,1.0
16.2,21.7,43.6,40,0,30.2,40.9,87.7,1.0
16.5,20.8,46.3,40,0,28.3,40.3,85.0,1.0
16.8,22.1,46.6,40,0,29.7,44.1,84.8,1.0
15.2,22.4,47.8,40,0,30.6,38.4,81.1,1.0
16.9,22.5,46.6,40,0,27.8,36.2,80.9,1.0
15.2,24.2,46.9,40,0,28.3,38.5,83.7,1.0
15.8,23.1,46.3,40,0,27.9,39.8,81.8,1.0
16.8,21.4,46.5,40,0,27.6,44.8,82.3,1.0
17.3,21.6,44.3,40,0,29.2,37.2,88.2,1.0
16.2,22.5,48.2,40,0,29.3,41.2,83.2,1.0
17.6,25.2,44.3,40,0,29.6,38.9,86.2,1.0
15.5,23.9,44.8,40,0,29.1,36.9,83.8,1.0
16.8,19.9,46.0,40,0,26.2,40.1,76.2,1.0
16.4,21.1,46.0,40,0,25.6,40.4,87.0,1.0
16.6,19.3,45.1,40,0,28.8,42.0,78.0,1.0
14.6,21.0,46.3,40,0,28.0,42.3,82.2,1.0
16.7,21.5,45.9,40,0,28.6,39.9,80.7,1.0
16.8,21.3,45.5,40,0,32.0,38.2,76.6,1.0
16.8,22.9,43.9,40,0,27.6,40.5,86.9,1.0
17.0,22.5,45.7,40,0,27.0,35.3,79.7,1.0
16.8,20.4,46.4,40,0,28.7,39.6,82.7,1.0
18.8,21.9,46.6,40,0,30.1,40.2,84.2,1.0
16.2,21.0,46.3,40,0,27.6,41.4,83.5,1.0
15.8,22.7,46.4,40,0,30.9,41.9,85.0,1.0
15.4,22.2,46.4,40,0,27.3,41.7,79.1,1.0
15.3,20.5,45.8,40,0,26.9,43.1,83.8,1.0
14.0,21.6,45.5,40,0,28.1,41.2,81.0,1.0
14.1,23.3,45.7,40,0,29.7,39.6,87.1,1.0
15.6,20.9,48.1,40,0,30.0,41.2,85.5,1.0
15.0,22.6,45.1,40,0,28.6,41.5,85.8,1.0
15.2,23.4,47.3,40,0,28.5,41.2,77.6,1.0
17.4,21.8,46.3,40,0,28.6,41.5,81.2,1.0
14.5,23.6,45.4,40,0,30.4,39.5,86.8,1.0
15.0,21.4,45.8,40,0,28.4,37.2,80.7,1.0
14.9,21.1,48.7,40,0,30.2,41.4,83.0,1.0
16.0,23.1,47.9,40,0,27.6,44.3,81.4,1.0
16.3,22.9,46.0,40,0,28.6,40.2,81.9,1.0
16.3,20.5,42.1,40,0,29.7,44.3,83.3,1.0
16.2,21.9,47.7,40,0,29.3,40.8,80.6,1.0
15.8,22.5,45.3,40,0,28.9,39.5,85.1,1.0
16.5,21.7,43.2,40,0,27.8,41.2,82.1,1.0
15.8,23.0,44.9,40,0,28.1,42.6,81.2,1.0
15.0,21.8,46.7,40,0,26.4,40.7,80.7,1.0
15.7,22.3,45.2,40,0,28.7,41.6,87.6,1.0
16.4,24.3,44.9,40,0,27.5,39.9,80.7,1.0
16.3,23.3,42.4,40,0,28.1,40.9,83.3,1.0
14.4,19.0,46.9,40,0,25.1,40.0,85.4,1.0
15.0,22.1,45.1,40,0,29.1,38.8,79.2,1.0
14.9,21.7,45.2,40,0,29.5,35.3,79.5,1.0
16.6,23.9,45.3,40,0,29.9,37.3,82.2,1.0
16.8,22.0,47.8,40,0,29.2,37.4,74.9,1.0
16.4,22.3,46.0,40,0,26.7,42.1,87.7,1.0
16.5,20.4,44.2,40,0,26.4,43.7,80.3,1.0
15.9,20.2,47.3,40,0,30.9,40.3,86.5,1.0
14.5,22.2,49.3,40,0,27.8,42.4,82.2,1.0
16.2,22.2,44.4,40,0,29.5,40.9,85.3,1.0
17.4,21.9,44.7,40,0,29.1,43.1,79.6,1.0
15.7,21.9,46.7,40,0,30.2,40.4,84.4,1.0
16.9,21.9,45.2,40,0,29.2,37.0,78.7,1.0
15.9,21.4,44.6,40,0,26.7,38.9,76.0,1.0
14.5,23.2,47.5,40,0,28.6,41.7,88.4,1.0
16.2,23.5,46.9,40,0,27.6,41.4,80.7,1.0
15.8,23.2,43.7,40,0,29.5,40.2,77.7,1.0
15.2,21.6,44.0,40,0,27.1,41.3,79.2,1.0
14.4,21.4,47.1,40,0,27.3,42.4,78.2,1.0
14.3,22.5,46.6,40,0,28.4,40.1,82.2,1.0
17.1,22.2,45.5,40,0,28.1,43.0,78.7,1.0
14.9,21.2,47.6,40,0,28.7,40.8,85.8,1.0
15.6,22.7,44.3,40,0,27.8,42.8,87.2,1.0
15.4,20.3,46.8,40,0,29.9,41.4,83.5,1.0
16.2,23.9,47.5,40,0,25.6,40.4,84.9,1.0
14.4,21.1,45.2,40,0,27.7,41.1,82.0,1.0
14.3,22.4,47.1,40,0,25.7,41.1,81.4,1.0
16.7,22.3,44.8,40,0,29.1,40.4,83.9,1.0
18.1,21.5,46.0,40,0,29.1,43.4,80.3,1.0
15.5,20.9,46.2,40,0,27.7,41.5,76.9,1.0
18.0,22.3,44.8,40,0,30.2,42.3,75.0,1.0
16.2,21.4,45.4,40,0,29.0,41.4,80.1,1.0
16.6,22.5,47.2,40,0,27.7,38.2,82.5,1.0
14.6,21.1,44.6,40,0,29.2,40.0,84.6,1.0
17.1,21.1,46.5,40,0,30.4,42.9,83.6,1.0
15.6,22.5,47.3,40,0,28.5,42.7,81.8,1.0
13.5,22.2,46.9,40,0,27.7,40.9,78.9,1.0
13.8,23.4,44.4,40,0,29.1,37.1,81.1,1.0
14.9,22.4,44.7,40,0,30.6,42.9,79.4,1.0
13.8,22.2,45.2,40,0,28.9,40.1,76.8,1.0
15.7,21.7,46.8,40,0,27.9,42.4,85.6,1.0
16.7,20.1,44.9,40,0,26.7,41.5,83.8,1.0
17.5,21.5,45.3,40,0,27.4,41.2,83.6,1.0
16.3,20.8,44.0,40,0,30.5,41.6,85.9,1.0
17.8,22.8,47.7,40,0,26.4,42.3,85.7,1.0
16.4,22.1,46.6,40,0,27.9,38.7,84.7,1.0
16.5,22.8,46.8,40,0,29.2,43.6,86.0,1.0
17.1,20.8,46.4,40,0,28.0,42.5,77.9,1.0
14.4,22.4,45.1,40,0,27.5,42.1,82.0,1.0
15.0,21.4,45.3,40,0,30.1,41.0,83.3,1.0
17.1,19.8,44.2,40,0,30.0,44.4,79.7,1.0
16.4,21.8,46.6,40,0,27.3,38.3,77.4,1.0
15.9,20.8,47.6,40,0,29.8,41.6,84.1,1.0
15.1,21.6,46.5,40,0,27.8,39.1,81.6,1.0
17.1,22.5,49.1,40,0,29.3,39.2,80.6,1.0
16.8,21.9,45.2,40,0,30.5,43.3,77.9,1.0
15.1,22.7,45.0,40,0,29.0,42.9,83.6,1.0
16.8,21.0,48.9,40,0,29.1,40.4,81.5,1.0
16.6,21.9,45.9,40,0,26.0,39.8,83.2,1.0
16.8,22.9,44.6,40,0,29.3,40.6,86.3,1.0
16.4,21.5,47.0,40,0,28.6,40.4,79.1,1.0
16.2,22.8,45.1,40,0,27.1,44.5,79.4,1.0
16.0,21.4,45.6,40,0,30.0,38.6,86.5,1.0
15.8,20.8,48.7,40,0,29.9,39.9,79.9,1.0
15.0,22.0,47.2,40,0,27.9,42.7,82.7,1.0
16.9,21.5,44.4,40,0,28.4,43.4,85.2,1.0
13.8,22.0,46.2,40,0,27.8,41.4,83.7,1.0
17.3,21.8,47.4,40,0,28.3,43.6,83.4,1.0
15.7,21.7,46.7,40,0,31.2,43.6,78.8,1.0
14.0,23.4,45.2,40,0,29.8,39.3,82.3,1.0
13.2,22.0,45.8,40,0,28.8,40.4,85.5,1.0
16.8,22.4,47.9,40,0,28.0,44.5,79.4,1.0
16.4,20.5,45.2,40,0,27.7,39.6,85.4,1.0
13.1,22.5,44.2,40,0,29.3,42.7,80.1,1.0
16.1,21.8,48.1,40,0,25.7,35.4,84.6,1.0
16.0,20.4,45.7,40,0,29.7,44.3,77.9,1.0
16.6,22.7,49.2,40,0,28.4,42.3,82.2,1.0
15.2,23.5,45.6,40,0,28.3,39.1,82.8,1.0
15.8,21.4,48.5,40,0,27.9,40.1,84.3,1.0
14.4,22.5,44.4,40,0,27.4,41.1,84.1,1.0
17.1,22.9,46.4,40,0,30.0,39.1,84.2,1.0
15.3,21.0,47.0,40,0,28.4,39.9,86.5,1.0
15.5,21.9,46.4,40,0,27.5,39.1,77.8,1.0
15.8,22.5,47.9,40,0,30.2,42.1,81.5,1.0
14.6,22.7,46.9,40,0,28.9,40.1,79.1,1.0
15.5,23.0,45.9,40,0,29.6,40.8,86.3,1.0
16.4,22.1,45.9,40,0,27.8,42.2,83.3,1.0
16.1,23.0,46.8,40,0,32.3,43.4,84.3,1.0
12.8,22.2,45.3,40,0,28.8,40.4,81.9,1.0
16.0,21.0,46.7,40,0,31.1,41.1,78.5,1.0
16.0,20.6,47.1,40,0,29.2,42.9,79.7,1.0
16.4,23.6,45.6,40,0,29.5,42.0,82.1,1.0
16.1,23.1,45.6,40,0,28.9,38.8,79.5,1.0
16.3,20.5,47.9,40,0,28.4,40.2,80.5,1.0
16.7,22.7,46.6,40,0,27.7,42.5,78.3,1.0
15.7,23.0,47.2,40,0,27.2,41.5,78.6,1.0
16.0,19.7,47.2,40,0,28.8,39.1,84.0,1.0
12.8,22.3,46.4,40,0,28.7,43.4,78.8,1.0
15.7,22.7,45.0,40,0,26.2,39.1,90.4,1.0
15.6,21.9,46.4,40,0,25.6,40.7,81.3,1.0
14.1,19.9,47.1,40,0,28.5,38.5,83.6,1.0
15.3,21.7,43.6,80,0,33.7,45.8,88.5,2.0
15.6,22.8,43.1,80,0,31.8,47.2,97.0,2.0
15.8,23.3,44.7,80,0,33.9,44.3,93.6,2.0
15.8,21.2,46.0,80,0,33.8,45.3,92.2,2.0
16.8,22.9,44.4,80,0,32.8,46.4,93.0,2.0
16.6,20.1,46.1,80,0,34.2,43.5,94.5,2.0
15.3,21.2,46.1,80,0,32.2,44.4,96.8,2.0
16.5,19.8,45.2,80,0,33.9,45.6,96.2,2.0
18.5,22.5,46.2,80,0,32.1,46.8,84.8,2.0
16.9,22.1,45.8,80,0,34.7,50.6,95.3,2.0
14.6,21.9,43.5,80,0,32.2,44.2,90.6,2.0
15.5,25.1,48.0,80,0,33.2,45.8,93.1,2.0
15.0,20.7,46.6,80,0,31.0,46.3,90.9,2.0
17.4,21.1,46.7,80,0,31.9,47.8,95.7,2.0
17.6,22.2,47.0,80,0,33.8,44.9,90.4,2.0
15.9,20.9,46.0,80,0,31.7,43.4,91.0,2.0
16.6,21.6,44.5,80,0,30.4,43.6,94.7,2.0
16.9,21.5,44.3,80,0,31.4,45.1,94.6,2.0
17.3,22.8,46.2,80,0,33.3,44.2,91.1,2.0
15.6,23.4,47.9,80,0,31.0,46.3,95.9,2.0
17.4,22.4,45.2,80,0,35.4,46.5,94.5,2.0
15.9,23.1,42.7,80,0,32.2,46.4,88.8,2.0
16.5,22.0,47.8,80,0,35.2,48.1,91.3,2.0
15.8,22.1,44.9,80,0,34.4,43.1,94.5,2.0
14.7,21.6,46.7,80,0,35.5,48.0,90.5,2.0
17.0,22.3,43.9,80,0,33.3,48.4,95.1,2.0
16.5,21.7,44.5,80,0,32.6,48.0,92.5,2.0
15.8,21.1,47.7,80,0,32.7,46.5,90.7,2.0
15.9,21.0,42.9,80,0,32.5,48.8,97.3,2.0
16.1,22.4,42.7,80,0,30.7,43.1,96.8,2.0
15.9,22.6,48.5,80,0,31.1,47.7,93.6,2.0
18.4,19.9,47.0,80,0,32.6,46.0,93.3,2.0
16.0,22.7,50.7,80,0,32.7,47.0,90.7,2.0
15.5,20.2,45.5,80,0,34.1,44.2,91.4,2.0
16.5,21.3,45.8,80,0,34.0,43.3,95.8,2.0
15.8,22.1,45.2,80,0,35.3,47.3,92.7,2.0
16.4,21.9,44.9,80,0,29.7,50.0,93.2,2.0
14.8,21.0,45.3,80,0,32.6,42.7,99.5,2.0
17.3,22.7,46.8,80,0,34.8,45.9,89.0,2.0
15.3,23.6,46.6,80,0,34.0,50.7,99.3,2.0
15.2,22.8,47.6,80,0,33.6,42.5,92.2,2.0
15.8,22.7,46.5,80,0,29.8,45.8,96.1,2.0
14.9,22.7,46.0,80,0,33.4,45.3,89.1,2.0
17.0,21.7,44.0,80,0,32.7,45.0,91.8,2.0
17.6,22.0,46.4,80,0,34.0,45.5,92.8,2.0
14.4,22.2,46.2,80,0,31.1,45.4,94.5,2.0
17.5,21.0,46.2,80,0,33.0,48.0,93.7,2.0
18.3,22.0,46.8,80,0,33.0,43.7,95.6,2.0
15.3,20.6,48.6,80,0,33.0,44.5,87.2,2.0
14.9,21.2,46.1,80,0,32.7,45.2,95.4,2.0
16.1,22.4,46.3,80,0,34.4,46.9,93.4,2.0
16.1,21.5,49.8,80,0,31.4,46.0,89.5,2.0
16.5,23.7,45.1,80,0,32.8,43.1,92.3,2.0
15.6,21.7,45.9,80,0,30.5,47.5,88.6,2.0
16.0,22.1,46.1,80,0,33.9,44.5,91.9,2.0
16.5,20.4,46.1,80,0,33.6,47.6,93.9,2.0
15.3,21.4,46.8,80,0,33.6,47.3,90.6,2.0
16.1,21.9,45.7,80,0,34.5,45.1,95.4,2.0
15.1,22.5,45.2,80,0,34.0,46.5,99.5,2.0
18.9,21.8,44.3,80,0,31.6,45.9,93.1,2.0
16.0,22.8,47.5,80,0,33.3,41.7,92.4,2.0
14.9,22.3,44.1,80,0,32.1,45.6,90.4,2.0
17.8,20.7,43.2,80,0,32.3,43.9,94.3,2.0
15.6,21.8,46.6,80,0,32.7,45.9,93.4,2.0
16.2,21.1,48.6,80,0,34.5,42.0,91.6,2.0
15.4,20.2,45.4,80,0,31.9,45.8,94.4,2.0
16.9,21.7,45.2,80,0,34.4,45.2,90.2,2.0
16.8,23.2,45.2,80,0,33.1,47.4,99.8,2.0
14.9,21.8,46.6,80,0,31.4,46.0,93.0,2.0
15.5,21.5,44.2,80,0,33.4,46.9,93.6,2.0
15.1,24.9,44.4,80,0,35.6,45.9,92.0,2.0
17.0,23.8,46.8,80,0,32.3,46.7,94.5,2.0
18.1,20.6,47.8,80,0,31.3,45.4,93.6,2.0
15.2,22.8,47.0,80,0,33.2,47.6,92.4,2.0
14.4,22.8,46.6,80,0,34.4,45.9,90.9,2.0
14.5,21.2,44.3,80,0,31.5,44.8,91.3,2.0
18.0,23.3,44.8,80,0,32.3,44.4,87.8,2.0
15.2,23.1,45.2,80,0,33.3,46.7,96.3,2.0
18.6,20.8,47.0,80,0,30.9,47.3,96.6,2.0
14.7,21.2,46.1,80,0,32.3,47.4,88.3,2.0
16.6,23.6,46.6,80,0,31.9,47.2,95.8,2.0
16.9,23.6,46.7,80,0,31.1,48.6,90.9,2.0
15.8,22.1,47.1,80,0,30.7,44.0,96.7,2.0
15.7,22.9,46.8,80,0,33.9,46.4,92.1,2.0
15.1,21.2,44.5,80,0,32.5,48.0,92.3,2.0
16.2,21.3,45.6,80,0,32.5,48.3,90.3,2.0
16.5,22.2,44.2,80,0,30.6,45.4,92.1,2.0
16.0,21.5,46.3,80,0,34.5,46.3,93.3,2.0
15.7,22.3,47.8,80,0,33.6,42.4,91.1,2.0
15.2,21.7,47.2,80,0,31.7,44.9,91.2,2.0
15.4,21.7,48.5,80,0,31.3,46.7,87.6,2.0
16.0,22.6,46.6,80,0,32.5,41.5,86.7,2.0
16.9,20.4,44.6,80,0,33.2,48.2,91.1,2.0
16.1,22.1,44.6,80,0,30.2,45.3,92.6,2.0
15.7,21.5,48.4,80,0,32.6,42.9,96.8,2.0
15.9,22.4,47.1,80,0,31.0,43.6,89.4,2.0
15.4,21.4,45.1,80,0,36.8,41.4,94.5,2.0
16.0,23.4,43.7,80,0,31.5,49.2,95.2,2.0
16.2,22.1,46.2,80,0,30.9,41.5,90.6,2.0
16.7,20.1,46.5,80,0,30.8,47.5,93.4,2.0
16.1,21.1,46.0,80,0,31.1,45.1,94.3,2.0
17.1,21.5,45.2,80,0,30.6,48.2,92.1,2.0
16.6,21.6,43.0,80,0,31.8,47.6,90.6,2.0
14.8,22.9,45.9,80,0,32.0,43.5,92.8,2.0
16.0,21.2,43.3,80,0,32.6,47.2,95.6,2.0
15.7,22.7,45.1,80,0,31.9,44.6,93.0,2.0
15.9,21.4,45.1,80,0,32.8,48.2,93.7,2.0
15.8,20.7,48.7,80,0,31.6,44.8,95.0,2.0
16.1,23.7,44.3,80,0,33.4,43.1,91.4,2.0
15.7,21.0,45.7,80,0,34.4,48.7,90.8,2.0
15.3,20.0,46.0,80,0,32.8,47.2,96.0,2.0
16.1,23.5,46.6,80,0,33.3,46.4,91.7,2.0
17.6,21.8,46.0,80,0,32.3,44.9,92.2,2.0
16.5,22.1,46.1,80,0,32.2,48.1,98.6,2.0
16.4,21.3,45.4,80,0,29.3,47.4,93.1,2.0
18.1,22.4,44.1,80,0,32.3,47.9,91.6,2.0
17.6,22.7,46.8,80,0,32.7,44.6,86.1,2.0
16.8,20.9,42.2,80,0,33.1,43.1,91.2,2.0
16.7,22.6,46.4,80,0,32.6,45.6,93.1,2.0
16.6,20.8,43.7,80,0,34.7,42.8,94.2,2.0
15.4,21.1,45.1,80,0,31.8,44.6,95.0,2.0
15.9,23.3,44.9,80,0,34.6,45.9,92.2,2.0
18.5,20.9,45.5,80,0,34.9,46.3,92.2,2.0
17.7,23.2,45.7,80,0,31.1,47.8,97.8,2.0
16.5,21.5,48.0,80,0,32.4,42.5,98.8,2.0
16.6,21.9,43.8,80,0,31.4,46.7,92.2,2.0
16.8,21.0,46.0,80,0,33.0,48.0,92.6,2.0
16.7,23.1,47.0,80,0,32.0,47.4,92.8,2.0
15.5,21.7,45.4,80,0,33.3,43.9,92.7,2.0
16.2,20.7,46.0,80,0,31.4,42.0,90.7,2.0
16.4,23.2,44.9,80,0,35.8,47.9,97.6,2.0
17.5,21.4,45.6,80,0,31.9,40.4,96.3,2.0
14.3,22.4,45.6,80,0,31.8,46.6,96.1,2.0
15.9,21.8,47.5,80,0,33.1,46.8,92.1,2.0
15.6,22.9,46.1,80,0,33.5,46.3,88.9,2.0
16.1,21.5,42.2,80,0,33.9,49.4,95.8,2.0
15.8,21.7,43.3,80,0,32.6,45.2,93.9,2.0
15.9,22.3,47.4,80,0,31.5,46.8,97.8,2.0
16.9,22.2,46.4,80,0,31.7,46.6,90.5,2.0
15.0,21.7,46.3,80,0,31.7,47.3,99.0,2.0
17.4,22.8,43.4,80,0,34.1,44.8,84.2,2.0
16.9,21.8,46.1,80,0,32.0,49.0,97.0,2.0
15.2,23.0,45.9,80,0,32.7,48.1,90.1,2.0
15.1,22.0,43.8,80,0,35.0,44.5,92.5,2.0
16.7,20.3,48.0,80,0,32.2,43.0,94.8,2.0
18.8,20.7,46.0,80,0,36.6,46.0,90.8,2.0
15.5,21.0,45.5,80,0,33.2,48.6,93.8,2.0
14.5,23.3,45.3,80,0,31.4,46.0,91.0,2.0
14.3,22.3,44.4,80,0,31.0,45.5,92.9,2.0
15.3,21.9,46.9,80,0,35.5,46.9,91.5,2.0
15.4,21.7,42.9,80,0,32.9,45.4,92.9,2.0
17.9,22.1,44.4,80,0,34.4,46.5,90.4,2.0
15.6,22.5,45.6,80,0,34.2,46.7,93.9,2.0
17.7,21.2,45.1,80,0,33.7,42.1,91.4,2.0
15.8,22.1,45.9,80,0,32.2,43.5,86.1,2.0
15.8,21.4,45.6,80,0,32.7,46.0,95.8,2.0
16.1,22.3,44.5,80,0,33.8,48.7,90.8,2.0
16.4,21.6,46.3,80,0,32.9,42.9,87.4,2.0
14.8,23.4,44.0,80,0,32.9,43.9,92.6,2.0
15.7,21.5,47.3,80,0,32.6,43.8,94.4,2.0
14.6,22.1,45.5,80,0,32.9,46.9,89.8,2.0
14.4,23.9,45.8,80,0,33.8,45.7,93.3,2.0
14.7,22.5,45.5,80,0,33.9,44.2,93.6,2.0
15.3,22.5,49.1,80,0,32.9,47.3,89.0,2.0
17.9,20.3,46.1,80,0,32.7,47.1,92.4,2.0
16.1,21.7,45.8,80,0,30.5,40.9,93.6,2.0
15.4,22.3,45.6,80,0,37.5,45.4,94.2,2.0
16.1,19.7,45.5,80,0,32.3,49.5,96.2,2.0
17.4,22.2,44.7,80,0,37.0,45.4,96.0,2.0
16.2,20.8,45.6,80,0,29.2,47.2,90.3,2.0
17.2,21.4,43.5,80,0,33.0,46.4,89.4,2.0
17.4,21.8,45.8,80,0,32.7,45.9,93.2,2.0
15.6,20.1,48.2,80,0,31.2,47.5,93.3,2.0
14.8,20.5,42.8,80,0,31.1,44.7,93.8,2.0
15.0,21.1,45.2,80,0,34.0,44.8,101.5,2.0
15.0,20.6,43.3,80,0,33.3,44.9,94.5,2.0
15.4,23.2,47.8,80,0,29.6,44.8,91.8,2.0
15.4,21.3,45.0,80,0,32.4,42.3,91.0,2.0
16.2,22.4,44.6,80,0,31.9,45.1,90.8,2.0
16.4,21.2,46.5,80,0,34.8,43.9,87.8,2.0
14.5,20.5,48.5,80,0,29.3,48.7,94.7,2.0
15.6,21.8,47.1,80,0,31.8,44.2,85.9,2.0
17.0,20.4,47.6,80,0,30.8,42.8,94.1,2.0
13.5,21.8,47.6,80,0,33.0,48.1,92.5,2.0
13.1,23.7,44.6,80,0,31.6,45.1,92.2,2.0
16.4,21.8,44.7,80,0,33.7,45.7,96.5,2.0
14.9,23.3,46.2,80,0,34.1,42.1,94.6,2.0
15.1,22.7,46.2,80,0,33.9,46.0,87.4,2.0
15.2,22.1,42.5,80,0,34.7,46.7,89.8,2.0
14.4,23.2,49.3,80,0,35.4,46.8,96.4,2.0
14.5,22.5,47.3,80,0,30.9,47.4,92.7,2.0
14.5,22.1,46.0,80,0,32.0,48.2,87.7,2.0
16.9,21.9,46.9,80,0,31.8,47.5,94.3,2.0
18.1,22.0,43.9,80,0,32.2,50.0,90.3,2.0
17.2,22.3,45.1,80,0,35.0,46.1,95.3,2.0
13.8,22.4,45.0,80,0,34.4,45.9,94.8,2.0
16.5,21.0,48.4,80,0,35.4,47.1,93.4,2.0
15.4,21.2,46.1,80,0,35.9,46.7,97.5,2.0
16.3,21.0,46.8,80,0,33.6,45.1,94.3,2.0
14.8,22.5,44.2,80,0,34.2,46.2,96.2,2.0
15.5,21.8,47.3,80,0,31.2,44.6,89.9,2.0
15.2,21.9,46.7,80,0,32.4,42.7,96.1,2.0
15.1,24.2,46.3,80,0,33.2,48.1,94.1,2.0
16.4,24.5,45.6,80,0,32.7,47.8,93.4,2.0
14.5,20.0,45.1,80,0,32.4,46.1,95.9,2.0
15.1,20.6,46.1,80,0,30.4,45.0,94.2,2.0
16.8,23.0,47.8,80,0,34.2,42.5,95.2,2.0
15.6,22.0,48.3,80,0,36.2,45.2,93.0,2.0
17.0,21.6,47.3,80,0,30.9,44.2,96.8,2.0
17.0,24.6,46.9,80,0,33.4,48.9,92.9,2.0
18.4,22.2,45.6,80,0,33.0,47.3,91.6,2.0
15.5,22.6,43.7,80,0,31.6,48.1,95.3,2.0
15.2,20.7,44.7,80,0,33.2,46.8,97.8,2.0
16.3,23.2,46.2,80,0,30.9,48.6,97.3,2.0
14.5,22.3,45.9,80,0,32.8,45.2,91.8,2.0
15.1,22.1,47.1,80,0,34.0,46.1,92.2,2.0
15.3,21.4,46.3,80,0,31.2,46.1,93.4,2.0
17.1,24.3,44.7,80,0,31.2,46.6,90.0,2.0
14.7,22.5,44.7,80,0,33.7,44.4,95.8,2.0
15.2,22.6,45.5,80,0,32.6,43.8,95.2,2.0
16.2,23.5,44.8,80,0,32.7,46.2,90.4,2.0
14.5,22.3,45.2,80,0,34.7,48.9,90.3,2.0
14.9,23.1,45.1,80,0,35.7,45.9,90.3,2.0
16.0,22.0,47.0,80,0,33.0,47.8,91.2,2.0
15.6,20.5,46.4,80,0,33.8,45.4,92.9,2.0
15.1,22.7,46.7,80,0,35.7,44.1,90.4,2.0
14.4,22.1,47.3,80,0,32.7,44.0,93.0,2.0
15.4,23.1,45.8,80,0,31.0,42.8,97.4,2.0
16.1,21.6,44.0,80,0,32.7,46.8,90.0,2.0
14.8,23.6,47.3,80,0,33.4,45.4,92.2,2.0
18.0,21.9,44.9,80,0,34.3,45.3,87.5,2.0
17.3,23.1,44.4,80,0,33.5,48.2,92.6,2.0
15.9,20.6,45.3,80,0,31.9,47.8,84.6,2.0
14.9,24.3,48.8,80,0,32.5,45.2,91.0,2.0
16.1,21.9,45.0,80,0,31.2,49.0,91.5,2.0
14.7,21.1,43.5,80,0,34.4,46.1,91.3,2.0
17.4,23.2,46.0,80,0,32.9,43.5,91.9,2.0
15.7,20.6,46.6,80,0,32.8,49.6,94.3,2.0
15.6,21.8,42.3,80,0,34.1,44.6,93.6,2.0
16.1,21.2,46.5,80,0,32.6,47.8,90.8,2.0
16.9,21.4,46.7,80,0,32.6,44.0,96.7,2.0
17.0,21.4,45.5,80,0,33.7,47.2,87.6,2.0
13.8,23.4,44.0,80,0,36.9,46.5,91.5,2.0
16.8,21.8,46.5,80,0,31.4,45.2,96.9,2.0
17.0,23.0,46.7,80,0,32.0,46.2,92.9,2.0
14.9,21.6,46.1,80,0,32.4,47.4,92.4,2.0
16.1,22.1,46.3,80,0,34.3,45.5,89.1,2.0
15.4,21.0,47.0,80,0,34.3,47.9,90.9,2.0
17.5,22.5,46.7,80,0,35.1,45.2,92.0,2.0
14.9,21.7,45.1,80,0,31.1,47.2,89.9,2.0
17.1,20.1,47.5,80,0,32.6,43.0,95.6,2.0
16.0,21.8,47.8,80,0,31.7,47.6,92.5,2.0
16.7,24.3,45.2,80,0,31.0,47.1,96.0,2.0
16.0,21.6,48.0,80,0,34.3,45.7,96.4,2.0
16.6,23.4,46.2,80,0,32.2,43.1,91.1,2.0
15.7,21.9,46.1,80,0,34.9,43.2,91.4,2.0
16.0,21.1,45.8,80,0,33.9,45.0,93.1,2.0
16.1,21.6,47.9,80,0,32.7,45.5,92.8,2.0
15.0,20.6,47.1,80,0,31.1,44.4,101.0,2.0
14.5,20.0,43.8,80,0,29.8,45.4,99.1,2.0
16.7,23.4,48.7,80,0,34.2,48.1,91.2,2.0
15.6,21.7,45.7,80,0,32.5,41.3,90.2,2.0
17.1,22.4,46.1,80,0,34.6,48.4,92.2,2.0
14.6,21.5,45.8,80,0,34.3,46.0,98.9,2.0
14.6,22.8,47.1,80,0,33.6,48.4,92.6,2.0
15.3,21.1,47.2,80,0,30.0,45.9,87.9,2.0
14.6,22.3,44.8,80,0,33.1,43.3,95.3,2.0
17.3,21.9,46.5,80,0,32.4,46.9,94.3,2.0
15.9,20.2,46.5,80,0,32.2,46.2,94.0,2.0
17.5,22.5,45.7,80,0,33.4,44.5,88.8,2.0
16.1,21.4,46.8,80,0,31.2,44.2,96.6,2.0
15.5,21.4,42.1,80,0,31.7,48.9,96.8,2.0
15.7,20.7,45.6,80,0,30.7,43.2,93.1,2.0
15.9,20.6,47.4,80,0,33.7,46.9,87.0,2.0
15.5,19.7,46.5,80,0,34.1,44.1,90.4,2.0
15.4,20.5,44.5,80,0,32.5,47.8,89.4,2.0
16.1,21.6,44.1,80,0,31.1,47.9,90.6,2.0
16.8,21.2,45.3,80,0,32.6,47.1,89.1,2.0
15.7,22.1,42.4,80,0,33.7,44.6,92.8,2.0
15.1,21.8,46.4,80,0,30.2,47.1,95.8,2.0
15.7,22.7,49.7,80,0,33.9,41.8,90.0,2.0
17.3,22.1,44.6,80,0,32.6,43.1,93.9,2.0
16.4,23.0,47.8,80,0,34.3,47.2,89.6,2.0
14.8,22.4,43.9,80,0,32.8,45.2,96.4,2.0
16.5,20.8,48.1,80,0,34.5,45.4,96.5,2.0
15.7,22.1,44.9,80,0,35.2,47.6,90.4,2.0
16.3,21.7,45.9,80,0,35.4,46.2,84.6,2.0
16.3,21.7,45.9,80,0,32.3,47.5,96.1,2.0
16.5,23.5,47.9,80,0,32.9,44.3,94.4,2.0
16.7,21.5,44.5,80,0,31.9,47.5,89.8,2.0
15.8,22.1,45.4,80,0,33.3,40.5,87.4,2.0
16.6,22.0,47.7,80,0,30.5,44.2,93.9,2.0
14.6,21.9,47.7,80,0,33.5,44.4,91.9,2.0
17.3,21.8,48.2,80,0,33.9,48.7,91.8,2.0
15.8,22.2,47.9,80,0,32.9,47.3,97.1,2.0
15.5,22.2,47.7,80,0,32.7,43.2,99.1,2.0
14.2,21.7,46.4,80,0,32.0,43.9,93.5,2.0
16.1,23.4,45.6,80,0,32.5,42.8,97.5,2.0
14.8,23.5,45.1,80,0,31.6,46.4,92.1,2.0
15.4,20.2,48.6,80,0,30.1,48.5,91.2,2.0
16.4,21.9,43.4,80,0,31.0,46.0,95.4,2.0
16.2,22.7,47.4,80,0,31.7,46.3,90.3,2.0
16.0,23.1,49.5,80,0,31.1,50.3,95.0,2.0
16.2,22.4,45.9,80,0,30.7,45.4,85.6,2.0
17.5,21.4,46.7,80,0,31.9,41.8,93.8,2.0
15.2,21.2,45.4,80,0,30.5,46.8,91.5,2.0
16.0,20.9,48.7,80,0,33.5,43.3,91.5,2.0
17.8,22.6,44.6,80,0,31.6,44.5,89.8,2.0
15.7,21.3,46.5,80,0,34.6,46.3,93.5,2.0
17.5,21.9,46.4,80,0,32.1,49.5,88.9,2.0
13.3,21.3,44.6,80,0,34.1,44.6,95.3,2.0
16.7,22.2,45.0,80,0,31.0,45.5,93.9,2.0
16.8,22.0,44.7,80,0,33.5,46.1,95.5,2.0
16.3,22.7,45.9,80,0,31.9,44.8,91.8,2.0
15.1,20.2,45.0,80,0,32.9,46.2,91.2,2.0
16.5,22.5,44.4,80,0,33.6,44.5,92.0,2.0
15.2,23.2,45.8,80,0,34.4,48.1,89.3,2.0
14.8,21.6,46.0,80,0,29.6,43.1,92.0,2.0
17.4,23.4,46.4,80,0,35.1,45.3,95.9,2.0
15.9,23.7,47.3,80,0,30.0,46.8,95.8,2.0
13.5,21.5,47.8,80,0,33.8,48.1,93.7,2.0
17.8,23.7,44.7,80,0,31.7,45.4,89.6,2.0
16.5,22.8,46.5,80,0,33.1,44.5,94.5,2.0
15.6,20.4,43.8,80,0,37.3,43.8,87.6,2.0
16.5,21.5,45.7,80,0,31.4,44.0,89.8,2.0
16.4,20.1,42.4,80,0,34.2,44.3,91.9,2.0
16.2,22.8,45.7,80,0,33.4,46.9,98.9,2.0
16.4,24.1,46.4,80,0,33.3,49.2,86.3,2.0
16.0,19.8,44.2,80,0,35.4,44.6,92.6,2.0
16.3,22.8,45.8,80,0,31.3,47.5,95.3,2.0
15.7,22.7,45.4,80,0,34.7,45.9,92.9,2.0
16.7,21.9,45.3,80,0,34.4,43.6,89.4,2.0
17.4,23.5,48.4,80,0,34.2,44.7,92.1,2.0
15.1,19.6,48.5,80,0,32.5,48.3,89.9,2.0
16.7,21.6,44.0,80,0,31.6,45.6,90.0,2.0
13.9,20.6,46.3,80,0,33.6,43.0,90.2,2.0
15.5,24.0,48.8,80,0,30.0,42.9,92.7,2.0
15.4,20.5,46.0,80,0,31.6,47.0,94.9,2.0
15.2,20.8,46.2,80,0,32.6,45.0,94.0,2.0
14.2,21.4,45.6,80,0,33.5,43.5,95.5,2.0
15.1,24.4,46.7,80,0,31.9,44.7,98.3,2.0
15.0,20.9,44.9,80,0,33.0,46.8,100.3,2.0
17.7,22.2,45.6,80,0,32.9,42.4,92.8,2.0
17.8,23.9,46.4,80,0,32.0,47.7,90.2,2.0
15.2,21.5,44.0,80,0,32.9,47.9,96.0,2.0
15.5,20.7,44.7,80,0,33.5,47.2,88.7,2.0
14.4,22.2,45.9,80,0,33.7,44.4,91.8,2.0
15.2,20.5,48.7,80,0,31.8,45.5,93.2,2.0
19.5,20.8,46.7,80,0,32.0,45.7,95.7,2.0
14.9,22.0,43.8,80,0,31.8,44.8,90.5,2.0
15.5,21.6,46.4,80,0,34.3,46.0,94.0,2.0
15.1,19.9,48.0,80,0,31.2,45.2,90.1,2.0
14.7,20.9,49.8,80,0,31.9,48.2,95.9,2.0
15.4,22.4,44.9,80,0,35.5,45.8,93.5,2.0
14.9,21.9,44.4,80,0,29.9,43.2,92.8,2.0
16.0,22.9,46.7,80,0,31.7,47.6,93.4,2.0
14.7,21.6,47.4,80,0,35.1,45.0,91.4,2.0
17.1,20.2,47.3,80,0,34.8,47.8,87.3,2.0
17.2,20.5,45.0,80,0,32.3,47.3,88.7,2.0
17.8,24.7,46.1,80,0,31.4,42.4,93.0,2.0
15.7,22.2,46.8,80,0,34.6,46.3,94.2,2.0
16.8,20.9,45.9,80,0,32.0,45.7,92.5,2.0
16.0,22.3,47.5,80,0,35.8,48.2,96.7,2.0
17.3,21.7,45.0,80,0,35.2,42.0,88.8,2.0
18.1,22.0,45.9,80,0,31.0,44.8,88.5,2.0
17.1,21.4,45.6,80,0,33.8,47.8,95.5,2.0
16.4,22.8,43.3,80,0,34.1,44.8,92.7,2.0
16.8,23.6,48.0,80,0,34.0,45.4,94.8,2.0
16.0,22.9,47.1,80,0,34.9,48.8,93.6,2.0
15.1,23.3,46.1,80,0,32.4,46.7,92.6,2.0
16.0,23.1,46.6,80,0,36.0,42.6,91.0,2.0
16.3,20.6,45.2,80,0,33.4,43.6,89.2,2.0
17.2,20.4,44.6,80,0,33.7,43.9,97.5,2.0
15.6,22.5,43.7,80,0,29.5,44.3,95.0,2.0
15.9,20.7,44.3,80,0,34.1,44.8,92.7,2.0
16.3,22.1,43.4,80,0,34.4,46.7,95.9,2.0
16.7,23.5,46.9,80,0,32.5,45.8,98.6,2.0
15.1,21.6,45.7,80,0,31.8,46.1,93.4,2.0
15.1,20.6,47.8,80,0,35.3,41.7,96.3,2.0
18.1,22.6,45.8,80,0,34.0,48.4,95.1,2.0
15.3,21.7,42.8,80,0,33.4,48.4,90.4,2.0
16.9,21.5,48.5,80,0,33.1,42.1,92.9,2.0
14.3,24.7,45.9,80,0,30.7,48.3,94.7,2.0
15.9,22.1,45.6,80,0,31.6,43.1,92.0,2.0
15.9,19.6,46.5,80,0,33.8,45.1,86.9,2.0
15.1,23.1,45.3,80,0,31.4,46.2,96.6,2.0
16.7,21.6,44.7,80,0,35.5,45.1,90.2,2.0
14.1,22.0,46.9,80,0,32.2,45.8,96.7,2.0
15.8,22.6,46.1,80,0,33.2,48.5,92.5,2.0
15.4,21.5,48.0,80,0,32.3,46.9,90.7,2.0
14.3,22.3,46.7,80,0,28.1,46.7,92.8,2.0
15.3,22.7,47.1,80,0,33.8,40.6,96.8,2.0
13.9,23.2,44.8,80,0,31.6,47.2,91.5,2.0
15.9,22.5,44.0,80,0,31.6,45.1,93.5,2.0
15.9,23.1,46.1,80,0,31.8,45.6,98.4,2.0
16.6,23.4,46.5,80,0,32.2,45.4,92.2,2.0
15.3,22.3,45.5,80,0,34.7,44.0,91.5,2.0
16.7,19.9,49.2,80,0,34.0,44.0,92.8,2.0
16.0,21.9,47.5,80,0,32.5,41.8,93.2,2.0
15.9,23.8,43.8,80,0,34.0,46.5,94.1,2.0
15.2,20.3,46.2,120,0,37.2,52.3,107.6,3.0
17.2,24.4,45.4,120,0,37.4,55.1,101.3,3.0
16.6,21.4,48.3,120,0,35.1,51.3,105.2,3.0
13.7,21.8,50.7,120,0,35.3,48.7,108.5,3.0
15.9,22.2,47.0,120,0,37.0,49.9,105.0,3.0
16.7,21.4,47.9,120,0,35.4,55.5,105.9,3.0
15.0,22.7,45.3,120,0,36.6,52.7,102.4,3.0
15.4,21.9,46.0,120,0,35.7,50.9,107.3,3.0
15.3,23.1,47.5,120,0,34.1,49.2,106.2,3.0
16.6,21.4,49.7,120,0,38.1,55.8,104.9,3.0
17.4,21.9,45.0,120,0,40.0,52.2,106.3,3.0
15.2,20.3,46.4,120,0,38.3,52.3,105.7,3.0
15.3,20.9,45.9,120,0,38.4,51.7,109.5,3.0
17.4,24.0,45.9,120,0,36.9,53.7,102.8,3.0
17.0,22.9,46.0,120,0,38.9,50.0,108.4,3.0
15.0,22.1,45.4,120,0,32.6,50.9,103.3,3.0
17.1,21.3,45.2,120,0,35.8,50.0,103.0,3.0
13.0,23.0,48.2,120,0,36.3,52.8,106.5,3.0
15.2,22.2,43.1,120,0,35.4,50.2,103.8,3.0
17.2,22.4,43.3,120,0,35.3,55.2,102.4,3.0
16.2,22.5,47.1,120,0,38.0,51.9,103.8,3.0
15.5,24.9,47.1,120,0,38.8,53.0,101.0,3.0
16.3,22.0,43.4,120,0,40.6,55.0,105.9,3.0
16.4,22.9,44.6,120,0,37.0,54.6,103.4,3.0
14.7,21.1,48.1,120,0,36.3,50.1,102.7,3.0
17.2,23.3,47.3,120,0,35.6,52.4,103.7,3.0
17.9,21.2,47.0,120,0,37.5,51.7,101.6,3.0
16.8,23.7,45.3,120,0,38.6,51.0,108.3,3.0
16.1,21.6,43.1,120,0,35.1,51.1,105.8,3.0
16.6,22.6,46.6,120,0,37.7,56.1,106.6,3.0
15.2,21.8,46.5,120,0,38.4,53.0,104.2,3.0
16.8,23.3,46.1,120,0,36.5,52.8,106.5,3.0
14.2,23.4,46.2,120,0,35.0,51.5,105.3,3.0
16.6,21.9,45.7,120,0,37.6,54.9,103.3,3.0
16.7,20.1,47.8,120,0,35.8,55.5,104.0,3.0
16.4,24.3,43.4,120,0,38.6,52.4,104.5,3.0
15.8,21.6,46.0,120,0,38.2,50.3,105.1,3.0
16.5,21.7,44.2,120,0,35.3,54.2,99.8,3.0
14.6,22.5,44.6,120,0,37.3,49.0,105.3,3.0
15.9,20.5,46.9,120,0,36.3,52.7,102.8,3.0
16.8,20.2,48.3,120,0,39.6,57.7,105.4,3.0
15.7,21.5,46.7,120,0,38.2,51.2,108.9,3.0
14.9,21.1,47.1,120,0,35.4,54.2,102.0,3.0
16.0,20.8,44.3,120,0,36.1,49.5,103.3,3.0
15.6,21.6,46.9,120,0,40.2,50.4,104.2,3.0
17.3,21.9,48.6,120,0,38.4,51.5,101.5,3.0
15.6,21.8,46.4,120,0,33.6,52.6,110.9,3.0
15.4,23.2,46.7,120,0,36.2,51.5,104.1,3.0
15.2,21.4,46.0,120,0,37.4,53.8,104.4,3.0
18.1,19.2,45.7,120,0,35.4,51.2,103.6,3.0
16.1,21.3,42.6,120,0,39.6,52.4,107.4,3.0
15.5,23.7,49.6,120,0,37.3,50.6,102.8,3.0
16.5,23.8,45.6,120,0,37.3,51.2,101.6,3.0
14.4,22.2,46.7,120,0,33.4,53.5,108.1,3.0
15.6,20.5,42.9,120,0,36.9,50.6,108.2,3.0
15.6,21.5,44.4,120,0,38.9,53.4,105.4,3.0
15.7,22.6,45.9,120,0,36.4,47.9,103.0,3.0
16.5,22.0,44.5,120,0,38.2,54.9,108.3,3.0
17.9,20.5,44.3,120,0,38.1,55.5,106.2,3.0
16.0,21.1,45.7,120,0,38.3,52.7,109.1,3.0
16.9,22.4,43.4,120,0,34.7,49.9,108.1,3.0
15.4,20.9,46.0,120,0,36.5,49.7,108.7,3.0
14.6,19.8,46.0,120,0,36.0,55.1,103.0,3.0
16.7,22.0,48.0,120,0,36.2,49.3,108.7,3.0
16.8,22.4,46.3,120,0,38.0,50.5,102.0,3.0
15.9,23.4,45.0,120,0,35.7,53.4,102.9,3.0
16.3,21.9,45.2,120,0,34.6,50.1,108.1,3.0
15.3,21.1,45.0,120,0,37.7,50.5,106.1,3.0
12.3,21.2,45.4,120,0,36.4,52.1,105.9,3.0
17.5,20.7,46.6,120,0,39.3,50.0,105.6,3.0
15.3,24.7,47.3,120,0,35.8,51.2,102.8,3.0
16.4,23.1,44.7,120,0,38.7,53.1,100.3,3.0
15.6,20.9,45.5,120,0,38.4,53.6,110.7,3.0
16.1,21.6,46.0,120,0,39.2,48.5,99.0,3.0
18.0,21.0,44.4,120,0,38.4,51.1,99.5,3.0
16.5,23.1,45.5,120,0,38.7,51.4,105.0,3.0
15.2,23.4,46.2,120,0,39.3,47.9,107.4,3.0
16.6,21.0,45.3,120,0,36.0,53.5,107.8,3.0
14.0,22.3,45.6,120,0,37.0,52.1,107.4,3.0
12.4,21.3,44.7,120,0,35.7,50.7,104.5,3.0
17.5,23.0,47.4,120,0,37.8,50.5,104.5,3.0
15.8,22.4,45.1,120,0,36.3,53.2,104.5,3.0
17.5,23.0,43.9,120,0,39.2,51.8,107.0,3.0
14.9,21.3,47.5,120,0,37.7,53.9,107.8,3.0
16.0,21.3,44.7,120,0,35.9,51.6,109.9,3.0
16.3,23.3,47.0,120,0,37.5,49.5,104.4,3.0
14.8,21.8,48.2,120,0,35.9,54.5,104.3,3.0
14.6,20.7,43.6,120,0,37.2,52.2,110.1,3.0
16.2,21.6,46.0,120,0,37.6,52.5,109.8,3.0
16.5,22.2,46.9,120,0,37.2,48.8,113.3,3.0
16.6,22.4,44.8,120,0,38.1,51.9,103.3,3.0
17.4,22.0,46.5,120,0,39.1,52.7,107.3,3.0
16.1,21.0,49.5,120,0,38.2,50.7,105.3,3.0
16.7,21.0,46.9,120,0,34.9,49.6,109.1,3.0
14.3,22.7,47.7,120,0,39.2,52.1,113.0,3.0
16.4,22.8,46.9,120,0,38.3,51.8,104.3,3.0
15.1,21.6,47.5,120,0,38.6,50.1,104.5,3.0
16.1,22.1,45.0,120,0,37.2,57.4,105.7,3.0
15.2,21.1,45.3,120,0,36.9,54.4,105.5,3.0
15.7,22.1,43.2,120,0,37.1,54.5,101.1,3.0
16.2,21.8,45.2,120,0,35.7,50.8,102.8,3.0
14.1,22.6,45.7,120,0,37.6,55.6,110.1,3.0
16.2,21.4,44.7,120,0,37.2,51.4,105.5,3.0
16.9,21.5,46.4,120,0,36.3,52.6,107.0,3.0
15.8,22.2,44.3,120,0,38.4,54.5,105.0,3.0
15.7,22.2,44.8,120,0,36.7,53.6,107.1,3.0
15.6,21.9,45.3,120,0,38.1,52.0,104.3,3.0
17.5,21.1,46.1,120,0,38.0,51.4,109.9,3.0
15.7,22.4,46.8,120,0,36.0,51.5,111.2,3.0
15.1,19.1,46.8,120,0,35.5,50.4,101.5,3.0
15.4,21.5,44.5,120,0,40.1,52.5,100.9,3.0
16.7,23.5,48.9,120,0,38.3,53.8,101.7,3.0
15.6,21.4,46.5,120,0,41.3,50.4,113.6,3.0
15.8,23.3,45.9,120,0,36.1,53.0,101.2,3.0
14.3,22.6,45.6,120,0,37.2,53.1,108.7,3.0
15.0,20.1,45.2,120,0,37.2,54.3,101.6,3.0
15.5,20.5,44.3,120,0,39.0,51.9,101.1,3.0
15.9,22.1,45.6,120,0,37.6,49.8,108.5,3.0
16.6,21.8,46.8,120,0,38.2,53.7,106.2,3.0
15.5,21.3,46.7,120,0,36.5,52.2,104.3,3.0
17.3,21.7,46.9,120,0,39.0,54.5,101.4,3.0
14.5,22.6,48.0,120,0,35.6,52.4,106.1,3.0
16.8,19.8,49.6,120,0,36.7,54.9,104.6,3.0
16.3,20.6,46.7,120,0,39.2,51.6,99.2,3.0
16.8,23.0,46.0,120,0,37.6,50.3,108.5,3.0
14.6,23.4,49.1,120,0,34.9,54.1,104.3,3.0
15.6,21.4,48.5,120,0,36.9,56.5,105.4,3.0
15.5,23.0,45.4,120,0,35.8,53.6,103.5,3.0
16.6,21.3,45.2,120,0,36.4,54.4,110.0,3.0
16.7,22.1,43.4,120,0,37.1,52.8,102.2,3.0
17.9,22.2,44.7,120,0,35.6,51.2,104.9,3.0
16.6,23.2,46.0,120,0,37.3,51.5,106.1,3.0
18.2,22.3,44.7,120,0,39.5,54.0,103.0,3.0
15.5,21.8,47.1,120,0,39.5,56.3,105.1,3.0
17.5,21.7,47.5,120,0,38.9,53.3,105.5,3.0
15.9,21.6,48.0,120,0,36.6,53.0,104.8,3.0
17.0,19.6,45.2,120,0,35.9,50.7,111.5,3.0
15.9,20.9,46.1,120,0,34.3,50.3,95.7,3.0
17.5,23.4,47.2,120,0,34.6,52.3,103.9,3.0
14.6,21.9,49.4,120,0,36.5,56.1,100.5,3.0
16.9,23.0,47.2,120,0,36.7,51.8,100.8,3.0
16.1,20.9,44.2,120,0,36.1,50.7,101.3,3.0
16.5,22.1,45.6,120,0,36.4,51.2,103.5,3.0
16.2,20.5,47.5,120,0,37.3,50.2,105.5,3.0
16.9,22.0,45.5,120,0,35.7,52.3,108.7,3.0
15.2,19.9,46.2,120,0,38.4,53.5,103.3,3.0
17.3,21.3,47.7,120,0,36.9,54.4,106.2,3.0
16.2,20.0,45.6,120,0,36.2,53.7,100.8,3.0
16.8,21.9,45.3,120,0,37.7,51.1,102.0,3.0
17.2,22.4,46.2,120,0,37.1,57.4,108.6,3.0
14.1,20.8,43.0,120,0,33.4,50.8,103.7,3.0
16.4,21.0,43.1,120,0,36.9,53.8,108.5,3.0
15.8,21.0,46.5,120,0,34.4,49.6,102.5,3.0
14.8,22.4,46.0,120,0,36.7,52.2,108.6,3.0
15.1,21.8,46.4,120,0,36.5,53.9,107.8,3.0
17.8,20.5,45.8,120,0,36.6,53.3,106.0,3.0
16.3,21.4,44.9,120,0,35.6,53.4,100.3,3.0
16.0,22.6,48.5,120,0,34.8,51.2,108.4,3.0
15.5,21.5,43.7,120,0,37.4,51.0,106.6,3.0
15.0,22.4,44.9,120,0,38.4,51.4,105.7,3.0
16.0,20.2,50.5,120,0,36.8,53.9,107.5,3.0
15.9,21.5,47.9,120,0,39.6,53.6,102.9,3.0
17.1,23.6,48.3,120,0,37.4,50.6,103.7,3.0
16.3,22.0,46.2,120,0,38.1,51.7,95.4,3.0
16.6,22.7,47.4,120,0,37.1,49.5,106.8,3.0
16.1,22.1,47.5,120,0,37.9,51.3,104.9,3.0
16.1,18.2,47.9,120,0,38.0,56.3,111.8,3.0
15.6,22.6,43.7,120,0,36.2,50.6,104.0,3.0
16.6,21.2,44.5,120,0,35.4,52.8,107.0,3.0
14.0,21.8,44.0,120,0,36.2,52.6,109.6,3.0
16.4,22.9,45.3,120,0,34.5,54.1,106.8,3.0
16.7,22.0,43.2,120,0,36.4,56.5,104.4,3.0
16.8,22.9,44.5,120,0,33.9,51.0,108.3,3.0
16.0,21.8,48.0,120,0,39.4,50.2,105.8,3.0
15.6,25.4,47.0,120,0,35.9,49.5,105.2,3.0
15.0,22.1,48.1,120,0,36.4,50.0,99.5,3.0
16.3,21.5,48.6,120,0,38.7,52.6,104.2,3.0
15.8,22.8,44.4,120,0,36.7,52.0,98.5,3.0
17.1,21.5,45.4,120,0,35.9,53.7,100.7,3.0
16.8,21.1,47.7,120,0,35.3,52.9,112.5,3.0
13.1,21.0,47.4,120,0,36.5,54.9,107.6,3.0
14.1,21.9,49.3,120,0,37.2,50.1,103.3,3.0
17.0,24.0,46.6,120,0,38.2,56.5,107.8,3.0
15.5,21.3,46.2,120,0,36.7,54.2,109.5,3.0
17.9,21.4,45.6,120,0,38.2,53.8,100.9,3.0
15.1,22.9,47.2,120,0,35.6,57.6,105.9,3.0
15.5,20.0,44.0,120,0,36.7,53.8,102.7,3.0
17.7,21.8,45.6,120,0,39.7,55.4,105.4,3.0
17.1,22.2,47.1,120,0,37.1,51.9,104.5,3.0
14.6,22.1,45.7,120,0,38.5,52.9,102.2,3.0
14.7,20.0,46.5,120,0,37.1,52.1,112.9,3.0
17.3,20.5,45.2,120,0,36.4,52.8,106.9,3.0
17.0,21.9,44.7,120,0,37.6,53.7,111.7,3.0
16.3,20.7,45.3,120,0,36.2,51.0,107.1,3.0
16.4,23.6,46.4,120,0,38.3,52.9,106.9,3.0
13.6,21.8,45.7,120,0,36.4,50.3,105.9,3.0
16.2,22.1,46.5,120,0,35.0,50.3,107.6,3.0
14.5,23.6,46.6,120,0,37.1,54.6,105.5,3.0
15.9,23.6,45.5,120,0,36.1,49.7,106.3,3.0
16.2,22.7,45.9,120,0,35.7,54.0,107.9,3.0
15.8,23.4,42.5,120,0,37.4,54.5,107.0,3.0
16.0,21.9,47.5,120,0,40.1,48.7,103.3,3.0
16.3,21.9,46.1,120,0,35.4,52.7,103.4,3.0
16.9,21.4,44.7,120,0,36.2,51.1,106.0,3.0
15.1,20.2,45.2,120,0,37.9,52.1,107.7,3.0
16.7,21.7,46.2,120,0,35.9,52.0,103.2,3.0
16.5,21.2,48.1,120,0,37.2,52.5,105.1,3.0
15.1,22.7,49.3,120,0,36.6,49.5,105.7,3.0
16.5,21.1,45.1,120,0,35.8,52.8,99.9,3.0
16.0,21.1,48.4,120,0,35.3,53.6,108.2,3.0
14.9,23.0,45.4,120,0,35.9,47.8,106.5,3.0
15.4,21.9,48.3,120,0,37.9,55.0,101.5,3.0
15.4,22.2,43.7,120,0,36.0,51.0,106.6,3.0
16.0,23.9,44.0,120,0,40.3,49.5,104.2,3.0
15.0,22.6,44.9,120,0,40.0,53.7,106.4,3.0
15.4,21.0,47.1,120,0,38.9,50.2,104.8,3.0
17.1,24.5,45.3,120,0,37.8,54.6,99.8,3.0
15.7,23.0,44.7,120,0,39.8,51.6,101.0,3.0
16.6,22.2,46.7,120,0,36.1,53.3,105.2,3.0
17.3,21.4,47.7,120,0,36.4,52.6,102.4,3.0
15.0,20.3,44.4,120,0,36.6,52.6,103.7,3.0
15.6,21.1,43.8,120,0,36.5,52.6,108.2,3.0
16.7,22.6,48.5,120,0,37.7,54.9,109.0,3.0
14.6,21.3,46.0,120,0,37.5,53.5,104.2,3.0
17.2,21.6,45.5,120,0,37.1,56.0,105.4,3.0
16.0,22.9,46.3,120,0,35.0,50.7,106.7,3.0
17.2,21.6,47.1,120,0,36.5,56.5,104.9,3.0
16.0,23.2,46.8,120,0,38.4,52.6,98.1,3.0
16.4,22.4,47.8,120,0,37.7,48.7,103.0,3.0
15.0,19.7,46.6,120,0,36.8,53.0,105.2,3.0
16.6,21.7,46.8,120,0,37.3,50.9,100.3,3.0
15.8,23.5,43.5,120,0,39.8,47.9,103.1,3.0
15.8,21.6,47.6,120,0,39.9,52.4,104.9,3.0
15.2,24.6,46.6,120,0,35.4,52.9,104.0,3.0
17.8,19.5,44.8,120,0,37.9,54.4,100.9,3.0
15.8,22.0,44.5,120,0,36.3,53.3,105.8,3.0
17.6,21.2,47.0,120,0,34.8,53.6,107.2,3.0
16.2,21.7,47.4,120,0,36.6,54.5,108.2,3.0
15.7,23.5,47.7,120,0,38.0,50.8,101.2,3.0
14.9,22.5,45.1,120,0,35.3,49.8,109.0,3.0
16.2,22.3,43.0,120,0,39.4,50.6,108.6,3.0
14.9,20.9,46.8,120,0,33.7,51.7,105.9,3.0
14.8,21.6,48.5,120,0,37.8,51.9,107.5,3.0
14.6,22.8,48.5,120,0,37.1,52.4,112.1,3.0
15.3,22.4,47.2,120,0,36.5,53.9,102.2,3.0
17.2,21.7,47.4,120,0,38.7,55.3,105.0,3.0
14.4,20.9,46.2,120,0,37.3,53.1,106.4,3.0
16.3,20.9,48.1,120,0,34.5,53.8,107.8,3.0
16.2,22.5,45.8,120,0,40.1,52.5,106.7,3.0
14.6,21.9,44.2,120,0,36.9,54.0,112.2,3.0
16.6,23.7,47.0,120,0,39.4,51.0,100.8,3.0
15.1,21.9,45.3,120,0,37.3,53.0,109.4,3.0
16.6,22.6,46.2,120,0,35.2,51.5,108.5,3.0
16.2,22.3,46.5,120,0,37.8,50.6,104.2,3.0
16.9,22.4,45.7,120,0,36.8,51.4,114.6,3.0
14.1,20.4,45.0,120,0,36.3,51.9,106.0,3.0
14.5,21.2,48.3,120,0,37.3,51.7,109.6,3.0
15.3,21.9,45.6,120,0,37.2,53.9,111.3,3.0
16.5,22.6,45.4,120,0,34.1,51.5,107.8,3.0
16.3,22.2,48.2,120,0,36.0,54.7,103.7,3.0
16.6,21.9,45.3,120,0,38.5,49.6,101.6,3.0
16.8,21.6,48.4,120,0,38.5,52.5,105.3,3.0
14.6,21.7,47.7,120,0,35.8,53.5,109.5,3.0
17.0,23.2,44.3,120,0,38.7,51.8,103.0,3.0
15.7,22.7,44.9,120,0,35.2,52.6,107.0,3.0
15.7,20.8,43.3,120,0,33.8,51.3,105.3,3.0
17.2,21.2,44.3,120,0,36.2,54.0,108.9,3.0
14.0,21.1,46.0,120,0,37.7,53.4,106.4,3.0
16.3,22.1,47.0,120,0,37.7,53.7,105.6,3.0
16.1,22.5,46.4,120,0,37.5,52.3,104.4,3.0
15.4,22.9,44.0,120,0,37.6,54.8,106.0,3.0
14.8,21.6,45.1,120,0,35.4,52.8,106.7,3.0
16.0,21.5,44.0,120,0,36.3,54.0,107.3,3.0
16.7,21.9,45.6,120,0,39.1,53.3,103.0,3.0
16.1,21.5,47.0,120,0,37.7,50.7,104.1,3.0
14.0,21.8,45.0,120,0,39.8,50.7,100.2,3.0
14.2,22.3,46.2,120,0,37.3,52.4,100.4,3.0
17.3,22.3,44.7,120,0,36.4,48.8,106.6,3.0
16.1,20.2,45.5,120,0,37.1,49.4,108.3,3.0
14.8,22.6,45.0,120,0,37.7,51.5,104.3,3.0
15.6,23.7,46.6,120,0,33.8,51.4,108.1,3.0
15.7,21.7,46.8,120,0,37.5,51.9,105.0,3.0
18.0,22.5,46.5,120,0,35.6,50.0,101.8,3.0
16.2,21.0,46.2,120,0,35.4,53.4,104.8,3.0
14.5,22.6,47.0,120,0,36.4,50.6,107.4,3.0
16.3,21.8,46.7,120,0,35.7,50.5,104.5,3.0
16.8,23.7,46.6,120,0,39.6,51.1,100.0,3.0
16.6,20.6,45.5,120,0,35.4,51.9,101.8,3.0
16.2,22.0,44.5,120,0,35.5,52.4,104.1,3.0
18.2,22.5,45.8,120,0,37.9,52.1,102.2,3.0
16.3,21.0,45.8,120,0,39.1,55.8,104.7,3.0
16.6,22.2,44.2,120,0,36.7,52.5,106.2,3.0
17.1,20.8,45.5,120,0,35.6,51.1,104.3,3.0
15.9,22.3,45.7,120,0,38.4,51.6,106.5,3.0
16.3,22.5,48.2,120,0,38.0,49.1,104.1,3.0
17.3,22.8,44.6,120,0,36.4,55.1,103.2,3.0
15.8,21.7,48.1,120,0,37.5,52.1,107.0,3.0
17.7,21.3,45.1,120,0,36.9,53.8,104.5,3.0
16.9,21.8,43.3,120,0,39.3,51.3,110.0,3.0
17.6,21.3,47.2,120,0,37.0,52.4,108.7,3.0
14.1,21.8,44.3,120,0,38.1,54.3,106.7,3.0
17.1,22.3,44.1,120,0,36.7,54.1,106.1,3.0
15.0,20.3,44.9,120,0,33.2,52.5,104.5,3.0
17.6,21.0,47.3,120,0,36.7,53.5,105.7,3.0
17.1,22.3,45.0,120,0,37.1,53.5,103.9,3.0
14.8,22.0,46.6,120,0,37.0,51.7,106.6,3.0
16.0,22.2,46.4,120,0,37.0,54.9,107.5,3.0
14.5,23.3,45.9,120,0,37.6,48.5,104.3,3.0
14.9,21.9,45.5,120,0,36.7,54.0,106.4,3.0
15.9,20.5,47.7,120,0,34.4,50.8,104.6,3.0
15.2,22.5,45.4,120,0,36.8,52.2,106.4,3.0
16.7,22.9,45.2,120,0,35.7,53.3,109.6,3.0
17.5,21.7,44.3,120,0,34.6,55.1,111.3,3.0
17.6,21.9,46.5,120,0,35.4,48.8,104.8,3.0
18.0,21.9,45.1,120,0,39.1,51.4,111.3,3.0
17.3,23.2,46.2,120,0,38.0,51.5,101.7,3.0
15.5,21.7,47.5,120,0,35.1,49.7,105.5,3.0
15.7,22.8,46.7,120,0,38.1,54.9,102.2,3.0
16.5,23.1,45.5,120,0,39.3,53.0,110.7,3.0
16.7,21.9,48.1,120,0,37.0,54.0,110.0,3.0
16.0,22.6,46.1,120,0,33.7,49.3,107.2,3.0
17.0,23.2,49.0,120,0,37.9,50.5,106.9,3.0
15.5,21.8,47.6,120,0,37.4,52.7,100.6,3.0
15.8,22.2,45.4,120,0,36.1,53.8,105.2,3.0
15.5,21.5,46.6,120,0,36.4,48.8,104.4,3.0
16.6,21.7,45.3,120,0,38.0,52.6,108.1,3.0
17.2,21.5,45.8,120,0,37.5,53.3,109.4,3.0
15.9,20.7,44.5,120,0,38.0,54.3,108.0,3.0
16.0,22.6,44.3,120,0,37.4,52.8,101.9,3.0
15.5,21.0,45.3,120,0,38.7,51.4,108.9,3.0
16.3,21.8,45.9,120,0,36.9,51.4,104.5,3.0
17.6,21.1,43.3,120,0,34.4,52.9,104.9,3.0
14.5,23.5,48.1,120,0,37.9,52.9,102.1,3.0
15.5,21.5,45.6,120,0,33.3,51.2,110.2,3.0
14.2,22.2,47.3,120,0,35.3,48.8,108.3,3.0
16.5,21.4,47.8,120,0,34.8,50.3,108.8,3.0
15.6,22.3,45.7,120,0,38.8,52.7,102.5,3.0
16.2,21.5,45.1,120,0,38.4,49.1,100.7,3.0
16.7,22.1,45.8,120,0,34.3,52.2,105.0,3.0
14.3,21.2,44.2,120,0,38.8,49.5,106.8,3.0
14.9,21.7,44.9,120,0,38.2,52.0,105.1,3.0
14.3,21.2,48.5,120,0,37.6,50.2,109.1,3.0
15.5,21.2,44.4,120,0,36.3,49.5,105.8,3.0
17.5,22.6,44.9,120,0,41.2,51.7,99.4,3.0
14.1,23.8,45.3,120,0,35.6,53.5,104.4,3.0
17.0,21.3,43.2,120,0,39.2,54.7,102.2,3.0
15.7,23.1,46.2,120,0,36.4,53.0,103.8,3.0
13.5,22.4,46.6,120,0,35.7,53.6,105.8,3.0
16.3,20.4,46.6,120,0,37.0,53.9,103.1,3.0
15.3,22.1,44.4,120,0,39.9,50.2,102.9,3.0
14.2,23.0,47.4,120,0,37.6,53.9,106.8,3.0
17.0,23.9,44.6,120,0,38.2,52.9,105.8,3.0
14.5,21.7,44.5,120,0,38.6,52.0,104.8,3.0
15.6,22.1,43.6,120,0,36.3,50.0,103.8,3.0
17.1,22.2,46.9,120,0,34.8,52.9,102.8,3.0
16.9,22.5,45.7,120,0,39.1,51.5,103.4,3.0
16.0,21.1,46.1,120,0,39.1,51.7,105.3,3.0
15.8,22.3,47.1,120,0,39.1,53.0,105.3,3.0
16.5,21.0,46.3,120,0,37.9,51.5,106.1,3.0
16.7,21.6,46.5,120,0,33.8,53.1,107.1,3.0
16.1,23.1,43.7,120,0,39.1,55.0,105.1,3.0
16.4,20.5,45.9,120,0,36.5,54.8,108.1,3.0
15.0,19.9,47.8,120,0,36.1,52.8,102.7,3.0
14.9,20.7,44.5,120,0,36.4,52.5,105.2,3.0
17.7,23.0,47.2,120,0,35.9,52.9,102.8,3.0
16.0,22.2,47.1,120,0,36.8,55.2,104.5,3.0
16.6,22.7,45.4,120,0,38.0,51.2,103.6,3.0
17.8,20.8,45.4,120,0,34.6,51.7,107.0,3.0
15.1,22.6,45.4,120,0,36.4,54.9,105.1,3.0
16.4,22.1,45.6,120,0,35.2,50.4,110.4,3.0
16.1,22.9,46.0,120,0,37.4,52.7,106.0,3.0
18.0,22.9,44.8,120,0,35.5,50.9,99.2,3.0
14.6,22.1,45.8,120,0,36.6,50.9,109.8,3.0
15.7,21.0,46.1,120,0,38.2,52.0,99.9,3.0
15.4,21.6,47.1,120,0,39.2,48.7,102.8,3.0
16.2,22.8,44.9,120,0,36.7,53.0,103.3,3.0
15.8,22.4,45.9,120,0,38.2,52.3,108.3,3.0
14.8,23.4,43.2,120,0,36.9,52.7,106.8,3.0
17.6,20.1,45.2,120,0,36.0,52.0,106.4,3.0
17.6,22.1,47.6,120,0,33.8,52.2,106.0,3.0
16.3,20.5,47.9,120,0,37.9,51.3,100.9,3.0
16.3,22.2,45.9,120,0,36.8,54.6,103.7,3.0
14.8,23.2,47.1,120,0,36.4,52.9,102.4,3.0
17.3,22.2,44.5,120,0,37.1,55.5,104.4,3.0
16.7,21.6,47.2,120,0,39.8,54.1,104.8,3.0
15.8,22.2,44.0,120,0,33.4,50.1,108.1,3.0
15.6,23.0,49.0,120,0,39.8,54.5,104.6,3.0
15.2,20.8,46.7,120,0,38.4,56.5,102.4,3.0
17.2,20.5,45.1,120,0,37.3,51.9,107.6,3.0
17.0,20.7,45.5,120,0,38.2,51.2,102.8,3.0
15.4,23.4,45.8,120,0,37.5,51.0,107.5,3.0
13.9,22.4,46.1,120,0,38.0,53.7,103.3,3.0
18.0,20.5,47.1,120,0,37.8,51.7,103.9,3.0
15.2,22.6,48.1,120,0,36.1,51.5,104.2,3.0
16.5,24.2,45.4,120,0,37.7,52.4,102.2,3.0
13.3,22.4,44.7,120,0,36.4,51.0,103.7,3.0
15.7,23.5,43.9,120,0,34.6,53.7,101.9,3.0
14.4,22.4,46.9,120,0,34.7,52.7,108.6,3.0
15.7,23.3,47.7,120,0,33.9,53.8,107.8,3.0
16.0,22.6,45.5,120,0,37.2,51.3,102.2,3.0
15.6,22.9,48.3,40,1,23.2,40.1,76.5,4.0
16.5,22.1,47.0,40,1,22.3,38.4,71.6,4.0
16.4,23.0,44.2,40,1,25.7,33.8,74.5,4.0
15.5,22.2,47.3,40,1,28.0,36.3,77.0,4.0
18.4,21.1,49.1,40,1,24.6,36.2,76.4,4.0
15.3,21.9,43.9,40,1,29.5,37.4,75.0,4.0
15.8,20.3,46.6,40,1,26.3,40.6,74.0,4.0
15.7,22.5,46.0,40,1,26.9,37.7,75.2,4.0
16.7,22.2,48.3,40,1,26.9,38.0,79.3,4.0
14.2,23.3,46.2,40,1,27.1,40.2,77.7,4.0
16.2,21.4,47.9,40,1,26.4,38.1,74.8,4.0
16.3,22.2,46.6,40,1,26.3,36.8,73.1,4.0
17.5,21.0,48.4,40,1,24.9,34.4,77.8,4.0
14.6,23.0,44.8,40,1,26.9,37.5,74.7,4.0
14.5,22.0,46.4,40,1,25.3,39.5,70.2,4.0
15.8,21.8,44.8,40,1,27.2,37.0,83.5,4.0
14.5,21.8,46.7,40,1,26.6,38.8,79.5,4.0
15.2,23.6,47.5,40,1,27.3,37.6,77.5,4.0
16.7,20.7,45.5,40,1,24.4,35.4,72.7,4.0
14.9,22.6,45.1,40,1,27.1,37.4,76.7,4.0
16.0,21.2,45.6,40,1,26.0,38.0,76.2,4.0
16.4,20.7,47.7,40,1,26.5,34.8,74.5,4.0
15.9,22.4,45.3,40,1,28.4,35.1,80.0,4.0
14.8,20.5,46.3,40,1,27.8,38.4,73.4,4.0
14.8,21.3,47.7,40,1,27.3,38.9,75.5,4.0
16.3,21.5,47.6,40,1,25.7,37.8,72.7,4.0
15.4,20.6,44.7,40,1,27.6,36.6,75.5,4.0
15.7,22.9,46.1,40,1,26.8,38.2,76.3,4.0
16.3,20.6,45.7,40,1,27.5,34.0,64.1,4.0
16.2,22.8,46.6,40,1,26.0,40.7,77.1,4.0
16.3,20.5,46.3,40,1,25.8,39.7,72.6,4.0
15.4,22.8,46.5,40,1,26.7,40.9,71.2,4.0
17.2,21.9,46.6,40,1,26.7,35.6,74.1,4.0
16.5,24.3,44.5,40,1,26.3,35.2,78.7,4.0
17.0,19.9,45.7,40,1,27.7,34.9,76.4,4.0
17.1,21.9,46.3,40,1,25.6,36.2,77.0,4.0
17.1,22.3,46.6,40,1,26.6,37.6,72.6,4.0
14.5,20.3,45.1,40,1,25.3,36.6,75.4,4.0
15.2,21.5,45.5,40,1,27.2,36.3,72.8,4.0
17.2,21.0,44.2,40,1,29.7,39.7,79.0,4.0
14.7,21.6,45.6,40,1,24.8,40.2,74.2,4.0
16.7,21.4,45.8,40,1,26.9,38.1,73.4,4.0
16.6,21.1,45.4,40,1,27.5,36.3,74.2,4.0
16.5,22.5,44.4,40,1,27.3,41.7,77.7,4.0
16.1,22.4,45.5,40,1,26.6,37.5,76.8,4.0
17.4,22.3,46.0,40,1,26.5,35.1,74.9,4.0
17.7,22.0,45.6,40,1,29.3,34.8,72.6,4.0
14.9,21.9,45.5,40,1,24.7,38.5,77.5,4.0
16.9,21.6,45.7,40,1,26.8,35.3,79.6,4.0
15.7,23.6,47.4,40,1,26.3,36.0,74.5,4.0
16.0,23.0,44.1,40,1,27.9,38.3,72.5,4.0
17.4,22.2,47.5,40,1,27.4,42.2,79.1,4.0
16.3,23.3,45.2,40,1,25.4,39.2,77.8,4.0
16.2,20.3,47.6,40,1,26.2,37.8,72.8,4.0
15.8,22.7,46.8,40,1,26.5,36.5,73.4,4.0
15.3,22.1,46.2,40,1,25.4,35.9,77.9,4.0
14.1,21.4,48.7,40,1,26.9,39.3,72.1,4.0
14.2,19.7,45.1,40,1,29.5,41.2,75.3,4.0
16.2,21.1,44.6,40,1,26.2,40.2,78.5,4.0
15.0,22.7,46.6,40,1,26.8,39.0,77.1,4.0
15.8,23.6,46.8,40,1,24.9,36.0,77.9,4.0
15.3,21.1,47.1,40,1,25.7,37.5,76.1,4.0
15.5,23.7,44.6,40,1,27.7,38.8,80.4,4.0
15.5,22.5,46.4,40,1,24.9,34.0,74.5,4.0
14.2,21.0,44.8,40,1,24.7,36.8,74.8,4.0
14.5,23.2,48.0,40,1,28.6,37.9,77.9,4.0
16.6,21.3,45.5,40,1,23.5,36.1,77.4,4.0
15.2,23.0,44.8,40,1,25.6,37.8,79.5,4.0
16.9,20.7,45.3,40,1,25.2,39.2,78.6,4.0
16.5,21.3,48.7,40,1,27.7,37.6,72.7,4.0
16.1,22.8,48.2,40,1,28.8,38.8,80.0,4.0
15.9,22.8,47.4,40,1,26.8,37.0,70.8,4.0
15.5,21.7,45.5,40,1,27.2,36.5,69.9,4.0
15.8,21.7,46.2,40,1,27.4,41.5,76.3,4.0
16.2,22.5,46.7,40,1,25.2,37.8,77.2,4.0
14.9,20.9,46.7,40,1,23.8,38.8,73.9,4.0
14.6,22.1,46.4,40,1,26.1,34.2,77.3,4.0
15.9,21.7,46.7,40,1,27.8,41.1,71.8,4.0
14.9,23.0,46.7,40,1,26.8,36.9,74.6,4.0
14.9,22.4,44.4,40,1,27.8,36.9,73.9,4.0
17.6,22.6,46.3,40,1,29.2,34.9,76.7,4.0
17.5,21.6,44.3,40,1,25.0,34.8,78.2,4.0
17.6,22.7,46.5,40,1,22.8,35.6,75.5,4.0
16.2,19.9,45.0,40,1,25.9,36.4,80.1,4.0
15.9,21.9,48.0,40,1,25.2,36.5,77.6,4.0
16.1,21.7,46.2,40,1,25.4,41.3,73.9,4.0
14.9,24.5,45.3,40,1,27.1,38.4,73.6,4.0
15.9,22.5,41.9,40,1,27.5,34.3,75.0,4.0
15.0,21.1,45.6,40,1,26.7,35.3,76.9,4.0
14.2,23.0,44.1,40,1,24.9,36.6,72.3,4.0
15.2,22.2,47.7,40,1,26.2,39.1,74.0,4.0
15.6,22.0,44.7,40,1,24.7,37.3,70.7,4.0
17.1,20.9,45.1,40,1,25.8,34.7,76.1,4.0
15.8,22.3,45.8,40,1,27.2,40.0,71.4,4.0
16.1,21.0,45.2,40,1,22.7,38.6,80.4,4.0
16.4,21.3,45.7,40,1,29.1,39.4,77.8,4.0
17.1,20.6,46.3,40,1,26.3,38.7,80.4,4.0
18.9,20.7,44.4,40,1,27.6,38.8,74.0,4.0
15.7,23.1,46.0,40,1,26.8,41.8,73.4,4.0
17.0,23.3,46.5,40,1,26.0,38.7,76.7,4.0
16.1,22.0,47.8,40,1,26.9,38.0,77.3,4.0
15.3,21.7,46.6,40,1,28.7,34.5,75.9,4.0
15.0,22.9,41.9,40,1,27.5,37.3,70.1,4.0
15.8,19.9,46.6,40,1,28.2,38.6,79.8,4.0
16.1,21.5,44.8,40,1,28.4,39.4,73.9,4.0
14.9,20.5,46.2,40,1,27.9,35.2,73.2,4.0
16.8,23.7,45.0,40,1,28.2,37.2,71.4,4.0
15.5,20.7,46.9,40,1,25.7,38.6,80.7,4.0
17.0,22.5,44.8,40,1,27.7,37.6,74.2,4.0
15.7,21.6,46.0,40,1,26.5,34.9,77.9,4.0
15.8,22.8,46.6,40,1,26.5,39.3,77.7,4.0
16.5,21.6,45.4,40,1,25.8,37.3,75.4,4.0
16.6,22.1,46.6,40,1,29.4,39.4,73.6,4.0
15.9,23.0,46.3,40,1,26.7,39.9,76.9,4.0
16.0,21.4,44.9,40,1,26.6,38.2,75.6,4.0
15.8,22.1,45.6,40,1,25.0,34.8,73.2,4.0
16.4,23.9,44.5,40,1,22.9,40.7,79.1,4.0
14.7,22.0,46.6,40,1,29.3,35.6,76.6,4.0
15.5,21.4,47.2,40,1,26.2,39.0,76.2,4.0
14.3,23.1,49.1,40,1,25.5,39.4,79.5,4.0
15.7,22.2,44.0,40,1,26.8,38.8,79.0,4.0
17.1,21.2,45.2,40,1,26.7,38.6,77.4,4.0
15.9,21.2,48.4,40,1,29.3,37.3,76.5,4.0
14.0,21.3,44.5,40,1,25.7,35.3,74.5,4.0
17.4,22.8,45.7,40,1,27.4,36.2,78.5,4.0
15.1,22.7,49.9,40,1,26.7,34.5,75.5,4.0
16.1,22.1,44.9,40,1,27.2,33.6,74.8,4.0
16.6,21.0,46.8,40,1,26.8,35.1,73.0,4.0
15.8,22.3,45.2,40,1,24.4,41.1,73.6,4.0
16.8,21.8,45.8,40,1,26.7,38.7,78.8,4.0
16.1,21.7,45.8,40,1,30.0,39.5,73.1,4.0
16.6,19.5,47.8,40,1,24.6,36.7,81.3,4.0
15.1,21.5,48.2,40,1,28.1,36.8,78.0,4.0
15.9,23.2,46.0,40,1,26.1,33.8,75.7,4.0
15.2,23.2,46.3,40,1,25.8,39.7,76.2,4.0
15.5,22.0,45.7,40,1,26.5,37.9,72.7,4.0
16.0,23.1,46.6,40,1,28.4,38.0,78.4,4.0
16.5,22.0,45.2,40,1,26.5,37.5,73.0,4.0
17.0,22.3,45.9,40,1,28.1,35.1,74.6,4.0
15.7,23.6,45.0,40,1,26.8,37.9,71.3,4.0
15.4,22.5,46.3,40,1,26.0,36.5,75.6,4.0
15.8,22.5,44.8,40,1,27.6,35.5,74.9,4.0
15.5,21.5,49.9,40,1,27.8,39.9,72.9,4.0
15.0,21.3,44.7,40,1,25.8,40.9,72.1,4.0
17.2,23.2,47.4,40,1,26.1,36.1,73.4,4.0
15.0,22.4,44.2,40,1,27.2,37.7,74.4,4.0
16.4,23.1,45.6,40,1,25.0,39.9,81.6,4.0
16.1,21.8,47.4,40,1,24.5,38.8,77.6,4.0
16.1,20.9,45.0,40,1,25.0,36.0,72.9,4.0
16.1,23.2,46.2,40,1,25.4,37.0,71.4,4.0
16.1,22.0,47.1,40,1,28.8,40.2,78.2,4.0
14.9,21.0,46.0,40,1,25.9,33.8,77.4,4.0
17.0,20.9,47.9,40,1,26.3,34.7,76.4,4.0
16.1,20.1,45.9,40,1,24.1,41.8,74.6,4.0
15.1,23.1,46.0,40,1,26.8,37.4,74.2,4.0
16.8,20.4,44.2,40,1,28.8,36.5,74.6,4.0
17.9,20.6,46.3,40,1,28.1,35.2,70.4,4.0
16.4,22.4,47.4,40,1,26.6,31.9,75.1,4.0
14.6,20.7,43.8,40,1,25.9,39.0,73.8,4.0
15.7,21.9,48.0,40,1,28.0,34.5,76.7,4.0
15.8,24.3,43.8,40,1,25.8,38.8,76.0,4.0
17.6,20.2,45.2,40,1,28.4,38.9,74.4,4.0
16.4,21.8,45.3,40,1,24.6,38.4,72.5,4.0
18.8,21.5,42.7,40,1,27.0,37.0,72.6,4.0
16.3,22.4,45.4,40,1,25.2,35.0,78.4,4.0
16.8,22.3,46.8,40,1,26.0,36.8,75.6,4.0
16.4,23.2,45.0,40,1,27.2,39.3,76.7,4.0
14.1,22.5,45.8,40,1,25.2,35.2,76.4,4.0
17.1,23.4,45.0,40,1,28.2,36.2,75.3,4.0
15.7,23.3,43.2,40,1,26.7,38.1,77.0,4.0
17.4,23.2,45.6,40,1,25.8,38.5,77.3,4.0
17.8,23.2,46.2,40,1,28.4,36.1,78.7,4.0
14.9,21.2,44.2,40,1,26.0,34.5,76.8,4.0
15.4,23.1,45.7,40,1,25.8,37.5,76.7,4.0
16.3,21.6,43.7,40,1,25.3,38.0,81.8,4.0
14.3,21.1,48.2,40,1,26.1,38.0,74.7,4.0
14.8,23.4,46.4,40,1,28.6,35.8,77.9,4.0
16.0,22.9,47.4,40,1,27.9,34.1,77.9,4.0
15.9,21.1,44.6,40,1,26.6,36.4,78.2,4.0
16.2,21.5,47.2,40,1,24.2,36.5,79.2,4.0
16.8,20.4,44.7,40,1,25.2,37.8,75.3,4.0
15.5,21.5,47.3,40,1,24.0,37.0,79.5,4.0
14.9,23.4,49.2,40,1,28.1,37.4,77.9,4.0
16.6,21.6,47.9,40,1,27.2,33.4,74.2,4.0
15.1,21.8,45.2,40,1,27.3,36.1,76.0,4.0
14.1,21.8,43.7,40,1,28.2,41.8,71.6,4.0
16.2,21.8,43.0,40,1,26.5,39.1,80.4,4.0
15.3,21.6,43.8,40,1,26.5,37.7,77.8,4.0
16.3,21.5,45.2,40,1,23.0,35.3,71.2,4.0
15.0,21.6,43.8,40,1,25.0,31.1,80.4,4.0
15.6,23.7,45.9,40,1,27.9,37.8,73.4,4.0
15.8,22.3,47.6,40,1,26.2,35.7,70.2,4.0
16.0,21.9,45.8,40,1,23.1,35.3,74.1,4.0
16.4,21.7,48.4,40,1,27.1,35.8,78.7,4.0
17.6,22.8,49.0,40,1,28.8,39.4,66.8,4.0
17.3,24.0,46.3,40,1,28.3,40.7,78.5,4.0
16.1,20.8,43.6,40,1,24.1,36.9,77.0,4.0
16.9,23.1,45.9,40,1,25.3,39.2,80.6,4.0
15.5,22.1,46.7,40,1,23.8,36.6,75.1,4.0
15.5,22.0,47.8,40,1,27.7,37.0,70.2,4.0
16.0,22.9,45.0,40,1,25.6,38.6,76.8,4.0
16.5,21.3,46.3,40,1,25.6,37.5,74.0,4.0
15.7,22.1,46.3,40,1,26.3,38.0,74.5,4.0
15.9,20.4,46.6,40,1,26.5,41.0,72.9,4.0
16.3,21.4,45.1,40,1,24.8,37.0,74.8,4.0
15.7,23.6,45.6,40,1,28.6,38.1,74.2,4.0
15.4,20.7,44.3,40,1,25.4,36.2,74.2,4.0
15.8,23.3,47.9,40,1,25.2,38.7,74.7,4.0
16.7,21.8,45.4,40,1,26.0,36.3,73.3,4.0
14.7,23.0,45.2,40,1,25.2,36.0,76.8,4.0
15.7,21.9,48.2,40,1,26.2,34.9,75.8,4.0
16.6,23.3,46.4,40,1,26.7,36.0,73.7,4.0
14.1,22.7,47.5,40,1,27.5,38.8,80.1,4.0
15.3,21.5,46.4,40,1,24.5,35.8,73.3,4.0
15.2,23.3,47.0,40,1,27.8,39.7,73.4,4.0
16.5,21.7,46.4,40,1,26.6,38.5,75.8,4.0
15.6,21.1,45.2,40,1,24.2,36.2,73.8,4.0
14.3,21.2,46.5,40,1,24.2,38.7,75.6,4.0
16.3,20.6,46.8,40,1,25.6,36.2,75.7,4.0
15.5,21.0,45.6,40,1,25.3,37.5,75.8,4.0
15.7,22.0,44.4,40,1,28.9,34.8,81.0,4.0
15.8,21.6,48.8,40,1,25.3,36.6,72.7,4.0
14.9,22.7,45.4,40,1,24.7,37.8,76.6,4.0
15.0,22.7,45.5,40,1,22.7,38.9,72.5,4.0
16.8,21.2,49.3,40,1,27.8,40.0,73.9,4.0
16.3,21.3,45.8,40,1,25.4,39.6,78.4,4.0
16.1,19.0,44.1,40,1,23.2,38.0,76.9,4.0
15.8,22.6,44.5,40,1,25.3,38.1,76.7,4.0
15.8,23.8,46.7,40,1,27.4,38.5,77.0,4.0
15.4,23.1,46.6,40,1,25.0,38.1,78.1,4.0
16.5,22.9,46.3,40,1,22.9,38.2,74.7,4.0
16.8,21.9,47.2,40,1,29.0,37.2,77.8,4.0
16.2,22.3,47.8,40,1,25.6,36.7,71.9,4.0
16.4,23.1,47.1,40,1,27.6,37.0,72.3,4.0
15.3,21.9,45.9,40,1,28.1,37.1,74.5,4.0
15.2,22.9,46.1,40,1,26.8,37.3,75.5,4.0
17.3,22.6,43.6,40,1,26.2,36.1,71.9,4.0
17.6,22.2,43.9,40,1,27.6,39.4,76.3,4.0
16.6,20.3,47.5,40,1,27.0,38.0,74.1,4.0
16.4,22.2,44.9,40,1,25.1,35.6,75.5,4.0
17.1,22.0,47.3,40,1,25.7,35.3,75.2,4.0
18.2,23.4,43.5,40,1,28.6,36.4,75.3,4.0
15.3,21.2,45.0,40,1,27.0,37.6,78.4,4.0
15.4,20.2,47.5,40,1,25.6,39.2,72.3,4.0
16.5,23.5,46.6,40,1,28.4,36.9,75.0,4.0
16.1,21.3,46.3,40,1,25.4,34.3,72.5,4.0
17.6,22.9,48.6,40,1,25.6,35.4,72.3,4.0
16.0,22.2,45.9,40,1,27.3,36.7,79.9,4.0
16.3,21.9,46.2,40,1,22.0,40.8,77.4,4.0
16.2,22.6,45.7,40,1,25.6,38.8,72.0,4.0
16.2,22.7,43.2,40,1,27.0,35.6,73.0,4.0
14.7,21.1,47.4,40,1,27.2,36.5,75.3,4.0
16.5,22.4,45.9,40,1,26.5,36.8,75.5,4.0
16.1,22.7,46.5,40,1,28.1,39.5,77.1,4.0
14.9,21.3,47.5,40,1,28.1,39.4,72.8,4.0
17.2,22.2,44.0,40,1,24.1,38.3,77.0,4.0
15.8,20.8,48.2,40,1,25.0,35.2,74.3,4.0
16.9,21.3,46.5,40,1,24.5,40.3,79.4,4.0
15.6,20.8,42.3,40,1,24.5,39.4,75.7,4.0
15.8,22.7,48.7,40,1,24.9,39.8,74.7,4.0
18.4,24.3,46.3,40,1,28.4,35.6,70.1,4.0
15.9,22.9,46.5,40,1,24.6,39.5,75.6,4.0
16.5,22.3,47.4,40,1,24.7,36.9,77.9,4.0
15.6,22.8,45.4,40,1,25.9,37.9,65.8,4.0
16.5,22.8,43.4,40,1,25.8,35.5,78.9,4.0
15.4,21.7,47.3,40,1,26.2,37.0,75.0,4.0
16.0,22.9,43.8,40,1,23.6,41.1,77.3,4.0
16.0,22.5,45.1,40,1,25.5,37.3,80.0,4.0
15.9,22.7,46.9,40,1,27.2,40.9,78.9,4.0
15.9,22.6,45.4,40,1,27.2,39.8,79.2,4.0
14.3,22.9,41.8,40,1,25.1,37.0,75.7,4.0
16.0,22.3,45.1,40,1,30.5,40.6,75.1,4.0
16.2,20.7,46.1,40,1,26.7,37.3,75.6,4.0
17.1,21.6,46.3,40,1,26.7,37.8,75.2,4.0
15.9,23.2,45.6,40,1,28.4,37.4,76.5,4.0
16.7,21.7,46.9,40,1,28.4,37.4,73.3,4.0
14.9,21.4,45.1,40,1,22.4,37.6,74.5,4.0
17.4,22.3,47.2,40,1,26.4,34.8,76.8,4.0
15.5,21.3,47.2,40,1,28.1,40.0,81.5,4.0
16.0,22.4,44.5,40,1,27.5,39.1,81.5,4.0
15.7,21.4,44.9,40,1,29.7,36.9,75.0,4.0
17.9,22.7,47.4,40,1,25.7,34.8,73.5,4.0
14.8,21.2,45.3,40,1,28.2,41.2,70.6,4.0
16.0,21.3,42.7,40,1,26.0,36.7,76.5,4.0
14.9,21.5,44.3,40,1,25.0,36.5,75.1,4.0
14.7,21.8,44.7,40,1,26.3,35.4,73.3,4.0
15.2,22.4,47.0,40,1,27.8,38.4,75.7,4.0
16.9,22.1,47.0,40,1,26.7,40.8,77.3,4.0
16.3,22.5,47.7,40,1,25.3,36.6,76.9,4.0
15.3,25.4,46.8,40,1,24.3,35.6,76.6,4.0
16.0,22.1,45.3,40,1,26.3,36.5,74.4,4.0
16.3,20.7,46.8,40,1,26.1,40.2,80.0,4.0
17.4,22.1,46.9,40,1,28.8,40.3,78.1,4.0
15.4,21.1,46.1,40,1,25.4,38.1,79.9,4.0
17.7,20.7,47.9,40,1,26.1,38.9,74.5,4.0
15.7,20.9,43.5,40,1,25.3,34.0,76.6,4.0
16.1,22.5,46.0,40,1,26.4,39.5,77.6,4.0
15.8,22.9,47.1,40,1,24.3,34.7,75.3,4.0
16.4,22.5,42.4,40,1,27.4,37.0,71.7,4.0
15.2,22.0,45.7,40,1,25.2,36.2,76.2,4.0
14.9,22.4,46.9,40,1,26.2,36.1,74.0,4.0
17.5,21.4,43.0,40,1,25.3,40.6,74.9,4.0
15.4,22.0,45.2,40,1,27.1,38.1,76.0,4.0
16.6,21.8,45.5,40,1,26.0,39.2,76.4,4.0
15.4,21.9,46.8,40,1,24.7,36.8,65.9,4.0
15.9,20.3,44.2,40,1,26.1,38.3,69.3,4.0
16.0,22.0,44.9,40,1,26.2,40.1,77.0,4.0
16.6,21.6,47.2,40,1,25.6,38.4,71.7,4.0
15.1,20.2,44.5,40,1,27.9,34.2,74.1,4.0
16.8,21.3,45.4,40,1,30.1,38.8,81.6,4.0
14.5,25.3,45.8,40,1,27.3,38.4,74.1,4.0
16.1,23.3,45.8,40,1,26.0,37.8,75.2,4.0
17.4,23.2,46.2,40,1,24.7,37.2,74.5,4.0
16.3,21.6,45.3,40,1,24.5,35.1,75.9,4.0
14.9,21.4,47.8,40,1,25.6,37.5,68.7,4.0
17.3,23.3,45.9,40,1,25.2,37.9,76.6,4.0
15.6,22.6,46.6,40,1,25.7,36.2,75.2,4.0
16.1,23.1,45.5,40,1,27.3,40.1,81.5,4.0
16.1,21.3,43.9,40,1,28.2,39.7,78.9,4.0
16.8,22.8,45.6,40,1,26.4,40.6,75.0,4.0
15.1,21.2,46.5,40,1,28.4,31.7,72.2,4.0
15.0,20.8,46.6,40,1,26.9,38.3,77.7,4.0
17.4,23.6,46.3,40,1,25.5,34.4,78.8,4.0
17.1,22.3,47.4,40,1,27.4,40.3,74.0,4.0
14.5,23.5,44.6,40,1,26.7,40.2,76.6,4.0
17.1,22.4,46.8,40,1,28.3,37.4,79.4,4.0
14.9,22.2,44.3,40,1,27.1,33.5,76.2,4.0
16.0,22.2,45.6,40,1,24.7,40.8,79.1,4.0
15.7,21.6,46.0,40,1,27.3,36.2,78.9,4.0
16.5,23.2,44.9,40,1,25.6,38.2,74.3,4.0
16.5,22.6,47.6,40,1,26.3,38.5,74.6,4.0
15.0,22.6,44.3,40,1,25.6,35.7,75.0,4.0
16.9,20.4,49.8,40,1,30.0,40.2,75.9,4.0
16.5,20.9,46.2,40,1,25.6,37.3,70.3,4.0
16.2,20.7,44.9,40,1,25.6,35.4,73.5,4.0
15.1,21.6,46.0,40,1,27.5,42.8,77.3,4.0
16.9,21.7,48.0,40,1,25.9,39.4,76.5,4.0
14.2,21.3,45.1,40,1,26.2,35.6,82.4,4.0
15.7,24.4,46.6,40,1,30.2,41.2,80.4,4.0
15.7,21.8,46.9,40,1,27.9,37.9,75.7,4.0
13.0,22.5,47.1,40,1,27.0,37.5,80.4,4.0
17.0,23.5,45.5,40,1,28.2,37.4,76.5,4.0
15.3,23.5,47.6,40,1,26.9,40.9,69.5,4.0
15.4,23.5,45.1,40,1,27.2,36.7,73.2,4.0
15.5,21.9,43.5,40,1,26.6,36.1,78.4,4.0
18.1,19.9,44.8,40,1,24.0,37.6,71.9,4.0
15.0,21.0,45.6,40,1,26.5,36.8,72.6,4.0
16.5,23.1,41.8,40,1,29.4,37.7,79.4,4.0
17.8,23.5,45.3,40,1,26.0,40.2,74.2,4.0
14.8,22.4,43.8,40,1,25.7,35.5,74.0,4.0
17.5,22.5,47.1,40,1,27.4,38.8,70.9,4.0
15.9,24.0,46.1,40,1,25.3,38.8,79.3,4.0
14.3,22.4,44.9,40,1,28.2,38.1,77.6,4.0
15.0,21.6,44.0,40,1,25.2,41.0,75.2,4.0
17.4,21.5,46.8,40,1,28.6,36.2,77.5,4.0
15.8,21.2,45.8,40,1,24.9,42.5,78.7,4.0
16.1,22.0,45.8,40,1,26.0,41.5,72.2,4.0
16.6,22.4,41.4,40,1,26.3,37.3,78.5,4.0
17.5,21.1,45.6,40,1,26.9,34.2,77.8,4.0
17.7,22.4,46.4,40,1,25.6,40.0,76.2,4.0
16.1,21.9,47.1,40,1,26.6,39.2,70.7,4.0
14.9,20.1,47.1,40,1,26.2,35.5,75.9,4.0
15.3,20.6,45.9,40,1,27.3,38.5,79.8,4.0
15.4,20.2,45.3,40,1,25.9,35.9,75.6,4.0
17.1,23.6,47.0,40,1,24.8,38.0,73.9,4.0
16.0,23.3,45.2,40,1,24.1,40.6,80.6,4.0
14.5,22.0,46.1,40,1,23.7,36.0,81.1,4.0
15.4,20.6,46.3,40,1,25.7,36.7,76.1,4.0
14.7,21.7,48.4,40,1,28.1,39.3,73.5,4.0
16.4,22.1,47.0,40,1,27.4,39.0,78.5,4.0
17.2,20.9,47.2,40,1,25.6,34.7,78.0,4.0
16.1,21.4,45.1,40,1,29.0,37.6,73.4,4.0
16.0,22.0,46.5,40,1,27.1,34.4,71.5,4.0
15.0,22.8,45.2,40,1,29.3,37.8,77.7,4.0
14.7,19.7,45.7,40,1,26.6,37.3,79.0,4.0
16.4,21.4,42.5,40,1,27.2,37.9,79.6,4.0
16.0,22.4,44.5,40,1,26.1,39.6,74.7,4.0
14.9,21.9,42.7,40,1,27.4,40.8,75.4,4.0
15.8,22.4,44.7,40,1,27.0,38.5,80.9,4.0
15.7,22.3,45.1,40,1,25.9,34.5,75.3,4.0
16.1,22.0,47.1,40,1,26.6,36.9,74.9,4.0
15.3,21.6,49.0,40,1,26.3,36.9,75.3,4.0
15.8,21.7,46.4,40,1,25.1,37.0,74.7,4.0
14.8,19.7,44.5,40,1,23.9,39.6,77.8,4.0
14.2,21.3,45.9,40,1,26.1,42.7,77.5,4.0
15.3,20.9,46.4,40,1,26.8,34.9,75.5,4.0
15.5,22.7,46.5,40,1,27.6,39.2,77.6,4.0
16.1,24.4,46.5,40,1,26.7,36.3,74.4,4.0
18.2,21.6,47.4,40,1,25.5,35.9,74.4,4.0
15.4,21.4,48.5,40,1,25.9,38.1,78.3,4.0
16.5,24.0,46.1,40,1,27.9,39.1,78.2,4.0
14.8,23.3,42.2,40,1,27.3,34.7,73.4,4.0
15.5,23.4,46.6,40,1,25.9,31.6,73.4,4.0
16.0,20.8,44.5,40,1,25.2,39.7,75.9,4.0
17.5,22.4,41.9,40,1,25.2,37.7,76.1,4.0
15.2,21.3,43.9,40,1,26.9,34.7,73.0,4.0
18.2,20.7,45.6,40,1,26.8,34.7,77.0,4.0
16.7,22.1,47.3,40,1,22.7,37.0,77.8,4.0
14.5,21.6,44.6,40,1,30.3,41.0,74.3,4.0
16.8,21.9,44.6,40,1,27.1,35.2,75.7,4.0
16.0,22.0,46.3,80,1,42.6,53.3,113.4,5.0
15.6,21.4,47.2,80,1,41.7,57.0,113.3,5.0
15.5,22.6,44.9,80,1,39.8,58.7,114.4,5.0
16.5,22.5,47.7,80,1,41.8,57.5,112.6,5.0
18.4,20.6,47.4,80,1,42.3,58.0,111.0,5.0
15.9,23.3,44.9,80,1,41.5,54.7,114.0,5.0
14.9,22.3,45.8,80,1,40.4,52.4,119.6,5.0
16.3,22.7,46.5,80,1,40.7,58.7,119.4,5.0
17.1,23.1,45.0,80,1,42.3,56.1,117.6,5.0
17.6,22.0,46.4,80,1,40.6,57.5,110.3,5.0
16.2,22.7,46.2,80,1,39.9,54.4,112.6,5.0
17.5,22.7,47.2,80,1,41.3,56.4,115.9,5.0
16.5,22.0,46.7,80,1,41.3,54.0,111.2,5.0
16.1,21.2,45.9,80,1,43.3,58.5,118.2,5.0
16.5,23.2,43.0,80,1,39.6,60.2,116.8,5.0
15.7,22.7,46.3,80,1,41.7,54.4,114.4,5.0
16.2,20.4,44.6,80,1,42.8,55.8,116.5,5.0
14.8,21.9,49.0,80,1,40.6,59.3,115.8,5.0
16.8,21.5,46.8,80,1,41.0,56.4,115.9,5.0
16.5,21.2,44.8,80,1,40.3,58.5,114.9,5.0
15.7,22.9,45.1,80,1,42.2,56.9,115.2,5.0
15.5,24.0,46.5,80,1,40.6,58.6,117.9,5.0
16.4,22.0,46.1,80,1,39.2,57.8,113.2,5.0
14.9,22.4,48.4,80,1,39.4,59.0,110.9,5.0
16.8,21.7,44.4,80,1,40.3,58.5,117.6,5.0
14.9,22.7,44.6,80,1,37.5,56.5,117.9,5.0
16.2,21.6,47.1,80,1,41.0,58.5,112.4,5.0
16.7,21.3,45.9,80,1,41.2,57.2,119.1,5.0
16.4,20.0,45.2,80,1,40.7,57.2,122.0,5.0
15.1,20.5,46.6,80,1,37.9,56.4,108.4,5.0
14.6,22.5,48.9,80,1,40.8,57.7,114.1,5.0
15.1,22.5,47.6,80,1,41.4,56.2,110.1,5.0
16.5,21.3,46.3,80,1,41.2,58.6,116.5,5.0
17.7,20.7,46.7,80,1,39.5,57.1,115.4,5.0
16.6,23.3,44.4,80,1,43.0,58.6,116.9,5.0
17.2,23.2,45.3,80,1,38.7,57.0,107.9,5.0
16.1,22.6,45.7,80,1,40.3,56.9,114.5,5.0
17.3,20.6,45.9,80,1,42.2,57.9,112.6,5.0
16.5,21.1,45.9,80,1,42.3,55.6,115.3,5.0
15.2,23.0,45.4,80,1,40.6,55.9,121.3,5.0
16.9,23.6,50.4,80,1,39.2,57.3,116.3,5.0
15.7,22.9,44.1,80,1,41.2,55.7,115.7,5.0
15.3,22.8,47.8,80,1,44.4,58.8,109.3,5.0
15.9,23.1,45.2,80,1,38.9,58.5,108.5,5.0
16.6,21.1,44.8,80,1,38.5,57.3,112.6,5.0
14.8,22.2,47.5,80,1,37.8,57.4,113.9,5.0
14.8,24.1,45.3,80,1,40.5,57.6,115.2,5.0
16.6,22.2,43.9,80,1,41.8,58.6,114.0,5.0
14.7,23.1,48.4,80,1,40.3,55.8,113.0,5.0
15.4,21.2,47.0,80,1,42.3,59.6,113.3,5.0
16.4,21.2,45.0,80,1,41.2,56.9,118.3,5.0
17.9,23.6,46.7,80,1,41.8,59.1,116.0,5.0
16.8,23.8,46.6,80,1,39.6,54.4,113.2,5.0
16.8,20.0,45.4,80,1,42.6,56.6,116.2,5.0
13.6,21.6,45.9,80,1,42.2,57.6,110.8,5.0
16.7,19.6,44.0,80,1,39.5,57.3,115.9,5.0
16.5,21.6,45.5,80,1,40.4,58.2,115.8,5.0
16.9,22.2,45.9,80,1,39.7,58.6,111.6,5.0
15.7,19.6,45.7,80,1,39.8,54.3,112.4,5.0
16.0,21.4,46.2,80,1,42.2,58.2,112.9,5.0
15.5,22.7,43.5,80,1,43.1,59.0,115.9,5.0
16.7,22.3,45.7,80,1,40.4,58.2,116.6,5.0
16.1,22.2,43.3,80,1,41.6,55.1,111.8,5.0
18.4,21.3,45.5,80,1,41.5,58.6,114.1,5.0
14.6,21.5,45.9,80,1,40.2,56.9,113.4,5.0
15.2,21.3,45.8,80,1,42.7,61.5,118.4,5.0
15.5,22.8,47.0,80,1,43.5,56.7,110.4,5.0
16.1,22.9,44.8,80,1,40.5,58.4,107.6,5.0
15.3,22.2,46.9,80,1,39.6,53.3,119.1,5.0
16.2,23.3,45.7,80,1,43.1,56.7,112.8,5.0
16.9,21.7,45.1,80,1,39.4,54.0,110.7,5.0
15.7,23.3,48.3,80,1,39.7,57.2,113.7,5.0
15.8,22.3,45.7,80,1,38.4,57.7,112.0,5.0
15.4,21.4,43.8,80,1,41.2,58.4,115.3,5.0
14.8,22.3,45.8,80,1,39.5,61.0,112.0,5.0
15.5,21.6,45.2,80,1,40.5,59.9,116.0,5.0
16.0,20.5,49.3,80,1,42.1,56.4,109.0,5.0
15.7,21.7,46.6,80,1,39.4,56.7,115.2,5.0
15.0,22.3,46.2,80,1,43.1,58.6,118.8,5.0
15.6,22.5,43.3,80,1,41.3,59.8,113.7,5.0
17.1,20.9,45.8,80,1,40.5,56.8,111.6,5.0
16.9,22.7,46.2,80,1,41.2,59.8,114.3,5.0
15.5,22.9,47.1,80,1,39.2,54.2,114.7,5.0
15.0,21.2,44.5,80,1,40.5,54.7,115.9,5.0
15.6,20.5,46.8,80,1,40.6,59.4,114.4,5.0
16.8,21.8,45.9,80,1,39.6,57.3,113.3,5.0
15.9,22.0,45.2,80,1,41.5,61.3,117.0,5.0
16.7,20.9,48.0,80,1,39.4,55.9,112.1,5.0
15.4,22.3,47.6,80,1,41.9,57.1,114.4,5.0
16.3,20.9,44.9,80,1,39.8,54.0,116.5,5.0
15.7,21.3,44.9,80,1,39.5,55.6,113.4,5.0
17.2,22.5,43.6,80,1,40.5,57.4,113.4,5.0
14.5,22.0,46.0,80,1,41.6,58.3,113.1,5.0
15.8,21.6,45.9,80,1,39.1,54.1,114.1,5.0
15.7,20.3,45.3,80,1,39.2,56.2,116.0,5.0
14.3,22.8,44.3,80,1,39.2,57.6,115.3,5.0
14.9,22.3,45.4,80,1,43.1,57.0,110.6,5.0
16.1,23.4,46.4,80,1,40.7,60.3,112.3,5.0
17.4,21.2,50.5,80,1,38.4,58.1,110.9,5.0
16.8,22.8,46.7,80,1,43.0,55.5,114.4,5.0
15.7,22.9,46.5,80,1,42.7,56.8,113.3,5.0
16.3,22.2,48.5,80,1,41.2,58.6,108.2,5.0
16.5,23.7,46.8,80,1,38.5,60.2,114.6,5.0
16.0,21.3,45.9,80,1,41.4,57.5,112.9,5.0
15.7,22.2,43.8,80,1,37.3,57.9,114.0,5.0
15.0,22.0,48.1,80,1,43.7,56.8,113.9,5.0
15.6,20.5,45.7,80,1,42.4,58.8,116.0,5.0
17.6,23.2,45.3,80,1,40.5,59.1,115.3,5.0
14.6,23.5,46.6,80,1,38.1,59.8,118.5,5.0
16.7,22.5,46.9,80,1,41.1,60.3,118.4,5.0
15.7,21.6,45.0,80,1,40.2,56.9,111.7,5.0
14.4,21.9,46.2,80,1,41.0,56.4,115.9,5.0
16.4,22.6,46.7,80,1,40.3,56.7,109.6,5.0
16.2,22.7,43.6,80,1,42.4,57.5,115.8,5.0
15.9,23.2,45.9,80,1,39.5,60.2,107.0,5.0
16.0,21.3,47.7,80,1,40.2,57.3,113.3,5.0
15.5,21.8,46.8,80,1,42.9,56.8,110.2,5.0
16.9,21.4,44.0,80,1,39.3,55.5,115.9,5.0
16.9,21.9,47.3,80,1,45.7,58.6,113.6,5.0
14.6,23.9,44.6,80,1,41.0,57.2,114.0,5.0
15.9,22.7,47.5,80,1,38.8,56.6,111.5,5.0
16.4,20.2,46.9,80,1,42.0,56.4,114.5,5.0
15.8,21.2,45.1,80,1,38.6,61.1,113.2,5.0
17.5,23.2,45.6,80,1,44.2,58.9,109.7,5.0
15.2,22.1,45.4,80,1,41.3,57.0,120.3,5.0
16.2,20.3,45.4,80,1,38.7,61.4,110.8,5.0
15.7,23.2,48.0,80,1,41.4,55.4,116.1,5.0
16.6,22.0,46.3,80,1,39.9,57.2,114.9,5.0
16.6,22.7,47.1,80,1,40.4,57.3,118.3,5.0
17.3,19.2,45.9,80,1,40.6,57.7,111.1,5.0
15.3,21.6,47.4,80,1,42.5,54.3,115.6,5.0
17.0,22.4,48.6,80,1,41.1,53.0,111.5,5.0
16.0,21.0,45.0,80,1,43.3,56.4,121.9,5.0
15.0,21.8,46.1,80,1,37.4,60.3,119.2,5.0
15.7,21.6,46.3,80,1,39.4,53.5,113.7,5.0
16.7,22.6,45.1,80,1,43.0,56.4,114.9,5.0
17.3,23.4,44.9,80,1,41.0,58.1,111.0,5.0
16.5,22.2,43.8,80,1,41.1,58.3,112.7,5.0
15.3,21.8,48.1,80,1,41.5,54.8,117.2,5.0
15.4,22.4,46.5,80,1,41.6,54.9,111.3,5.0
15.8,24.2,46.1,80,1,39.5,54.7,115.2,5.0
14.9,23.2,48.6,80,1,43.5,54.7,109.7,5.0
14.2,22.7,46.3,80,1,39.6,56.1,110.9,5.0
15.5,22.5,43.8,80,1,40.8,54.2,119.3,5.0
16.2,22.5,44.3,80,1,40.5,57.6,115.4,5.0
16.1,20.7,44.0,80,1,41.1,57.3,115.1,5.0
16.8,22.3,42.8,80,1,37.5,58.7,116.9,5.0
15.8,22.4,46.0,80,1,39.3,57.4,114.8,5.0
15.6,20.7,44.8,80,1,41.0,55.8,117.3,5.0
15.8,20.8,47.2,80,1,40.3,59.0,114.3,5.0
16.5,20.4,43.3,80,1,39.8,56.8,118.8,5.0
16.0,22.2,44.9,80,1,40.7,54.6,116.3,5.0
16.4,22.1,45.6,80,1,43.4,62.7,113.5,5.0
16.4,21.5,42.1,80,1,39.6,54.9,111.0,5.0
16.4,20.5,42.7,80,1,41.5,57.0,118.4,5.0
16.0,23.1,44.0,80,1,39.7,55.8,117.2,5.0
17.3,22.1,46.6,80,1,42.3,58.5,108.3,5.0
16.8,22.8,44.5,80,1,39.5,59.6,110.8,5.0
14.5,24.1,44.2,80,1,43.8,57.5,116.3,5.0
16.8,23.0,44.1,80,1,42.3,55.1,112.5,5.0
17.6,20.5,45.1,80,1,42.4,59.1,111.6,5.0
16.2,21.8,47.2,80,1,41.5,55.3,115.2,5.0
16.8,22.8,44.3,80,1,40.5,57.5,117.8,5.0
15.9,21.1,47.2,80,1,41.6,55.3,110.5,5.0
14.5,21.5,46.7,80,1,42.0,53.2,111.9,5.0
13.7,23.2,45.2,80,1,40.4,55.9,118.3,5.0
14.8,22.0,46.8,80,1,40.7,56.0,119.0,5.0
15.1,21.2,45.5,80,1,38.4,55.2,113.9,5.0
15.0,20.7,48.9,80,1,41.8,56.4,117.6,5.0
17.1,21.7,45.6,80,1,39.8,54.4,109.2,5.0
18.3,22.1,47.6,80,1,40.6,59.1,113.8,5.0
16.3,22.5,45.1,80,1,42.0,57.0,112.6,5.0
16.9,23.9,45.1,80,1,41.1,59.5,120.6,5.0
15.5,23.7,44.5,80,1,41.9,59.7,111.7,5.0
16.4,22.0,45.3,80,1,38.8,60.1,118.0,5.0
18.2,21.1,46.0,80,1,41.2,60.2,115.1,5.0
16.4,22.5,49.3,80,1,40.3,54.9,113.9,5.0
17.7,24.4,46.8,80,1,41.5,59.4,114.6,5.0
16.5,22.7,46.7,80,1,39.3,56.0,115.2,5.0
17.9,23.0,46.8,80,1,40.8,55.8,115.6,5.0
15.3,21.9,45.4,80,1,42.4,56.3,112.9,5.0
17.9,21.5,46.2,80,1,42.6,56.1,112.0,5.0
16.6,23.6,45.0,80,1,41.5,54.8,118.1,5.0
14.5,22.1,43.9,80,1,41.0,57.1,115.2,5.0
16.8,21.5,44.5,80,1,41.3,52.8,108.8,5.0
15.8,24.7,45.1,80,1,42.7,57.7,117.0,5.0
16.5,22.3,44.4,80,1,43.4,56.9,109.4,5.0
13.5,23.1,45.3,80,1,39.4,57.0,115.4,5.0
17.2,22.4,46.0,80,1,38.8,58.9,114.3,5.0
15.1,22.6,45.8,80,1,40.6,58.0,113.1,5.0
16.0,21.4,46.6,80,1,40.9,59.2,114.0,5.0
15.5,22.8,46.4,80,1,41.3,58.9,112.6,5.0
16.8,20.7,48.8,80,1,39.5,59.7,109.3,5.0
15.6,22.2,46.9,80,1,38.5,59.4,114.1,5.0
14.3,21.4,50.6,80,1,39.5,55.4,116.3,5.0
16.5,22.7,47.7,80,1,39.4,59.3,112.6,5.0
16.2,22.2,44.3,80,1,40.5,61.0,112.6,5.0
18.4,21.2,47.8,80,1,40.4,57.4,113.1,5.0
15.2,21.5,43.3,80,1,42.1,57.0,111.8,5.0
16.6,22.8,46.9,80,1,39.3,54.1,118.4,5.0
16.1,22.7,44.0,80,1,41.1,60.0,112.5,5.0
17.3,22.9,46.1,80,1,45.5,57.1,114.8,5.0
16.5,22.4,47.8,80,1,41.0,54.0,112.7,5.0
17.4,22.9,45.8,80,1,40.6,54.3,117.6,5.0
14.7,21.4,46.9,80,1,42.4,63.9,114.7,5.0
17.5,23.3,47.3,80,1,38.4,57.4,115.5,5.0
16.3,20.3,44.8,80,1,37.6,58.9,116.5,5.0
15.2,24.6,45.7,80,1,39.1,53.0,114.4,5.0
16.1,21.1,45.4,80,1,42.8,53.9,112.8,5.0
16.4,22.5,46.8,80,1,40.5,56.6,119.9,5.0
16.2,23.2,47.7,80,1,41.7,56.9,113.4,5.0
16.0,21.5,45.7,80,1,40.4,58.6,113.8,5.0
14.6,21.7,45.6,80,1,42.8,57.2,114.8,5.0
16.1,22.1,44.6,80,1,39.6,57.1,113.1,5.0
16.3,21.3,46.6,80,1,40.2,57.2,117.9,5.0
16.7,23.4,47.6,80,1,43.4,58.9,116.0,5.0
14.5,22.2,46.1,80,1,41.7,59.2,111.1,5.0
15.5,21.5,43.5,80,1,40.0,58.7,108.8,5.0
16.9,22.6,44.3,80,1,43.1,54.3,112.6,5.0
16.4,21.9,44.7,80,1,41.8,57.6,121.4,5.0
16.0,22.6,48.3,80,1,39.7,55.4,118.5,5.0
16.4,21.2,44.9,80,1,37.3,59.6,114.5,5.0
17.3,21.8,45.1,80,1,41.5,61.8,117.4,5.0
15.3,21.4,45.7,80,1,39.6,56.1,108.2,5.0
15.4,20.0,45.1,80,1,41.0,57.8,114.3,5.0
16.9,22.8,45.8,80,1,39.4,58.0,117.1,5.0
17.0,21.8,44.1,80,1,40.0,55.6,109.9,5.0
17.1,21.7,42.6,80,1,39.6,55.3,114.5,5.0
15.4,22.2,46.1,80,1,40.5,56.7,113.7,5.0
15.5,23.4,46.8,80,1,40.8,57.9,113.1,5.0
16.9,20.4,46.3,80,1,42.1,59.5,116.0,5.0
15.4,22.4,46.3,80,1,40.5,60.4,117.2,5.0
15.8,22.3,44.9,80,1,41.5,55.0,115.5,5.0
15.0,21.9,44.8,80,1,39.9,59.4,111.2,5.0
15.0,24.1,46.7,80,1,39.5,57.3,109.9,5.0
17.0,21.9,47.5,80,1,39.7,57.9,116.1,5.0
16.3,21.1,46.4,80,1,37.8,54.9,114.9,5.0
16.9,21.0,44.4,80,1,39.9,56.5,117.5,5.0
17.0,22.3,46.6,80,1,40.2,57.0,112.4,5.0
16.8,22.9,45.4,80,1,38.9,59.4,105.9,5.0
16.3,25.2,48.0,80,1,42.7,56.9,114.6,5.0
15.2,22.8,46.2,80,1,41.9,55.2,114.8,5.0
16.2,21.1,46.0,80,1,39.1,57.2,111.8,5.0
16.2,22.7,44.3,80,1,41.9,56.9,113.2,5.0
16.1,22.6,46.7,80,1,41.2,59.7,116.1,5.0
17.0,20.5,46.6,80,1,41.9,53.0,109.7,5.0
16.2,24.1,45.1,80,1,40.3,55.1,115.4,5.0
16.8,22.6,46.1,80,1,43.0,57.8,112.4,5.0
16.8,21.8,45.9,80,1,41.2,55.9,111.9,5.0
17.3,22.1,45.7,80,1,41.2,57.6,110.1,5.0
16.5,22.7,48.0,80,1,41.5,57.5,116.7,5.0
17.7,21.8,45.3,80,1,42.1,56.7,111.0,5.0
14.5,22.5,45.3,80,1,38.2,57.7,114.8,5.0
15.1,23.3,45.4,80,1,44.8,55.9,113.1,5.0
16.6,23.8,46.8,80,1,39.7,58.5,110.2,5.0
17.2,22.4,47.4,80,1,41.8,58.8,119.5,5.0
15.6,18.9,46.6,80,1,39.5,58.6,111.4,5.0
17.1,20.9,47.6,80,1,39.8,59.3,115.6,5.0
16.2,21.5,47.1,80,1,44.0,58.6,116.8,5.0
15.3,22.6,46.8,80,1,38.6,56.2,109.1,5.0
15.6,21.3,45.0,80,1,40.9,57.4,108.7,5.0
13.9,21.7,44.4,80,1,41.7,55.3,112.6,5.0
15.9,23.7,46.7,80,1,40.9,55.1,114.7,5.0
15.1,19.0,48.0,80,1,38.1,54.5,114.5,5.0
16.4,21.3,46.3,80,1,41.9,58.1,112.6,5.0
17.2,22.0,45.3,80,1,39.4,60.1,109.7,5.0
16.3,21.1,46.1,80,1,41.1,58.5,118.5,5.0
16.8,22.7,47.7,80,1,43.5,59.7,117.1,5.0
15.2,20.9,44.9,80,1,40.1,54.3,114.6,5.0
14.8,20.2,44.8,80,1,44.5,57.3,115.5,5.0
16.7,21.4,48.1,80,1,43.0,57.7,116.2,5.0
14.2,21.3,43.3,80,1,39.9,59.9,115.7,5.0
16.4,21.5,43.8,80,1,42.6,57.0,107.7,5.0
15.6,20.5,44.0,80,1,43.3,57.3,113.5,5.0
14.0,20.7,46.9,80,1,42.7,56.1,114.4,5.0
15.8,22.5,45.5,80,1,41.4,60.6,118.4,5.0
16.2,23.4,46.9,80,1,43.9,59.3,114.9,5.0
15.5,23.8,48.3,80,1,43.1,52.7,115.8,5.0
16.1,24.5,46.0,80,1,40.9,60.1,119.7,5.0
16.1,23.4,46.0,80,1,40.5,58.8,113.3,5.0
16.9,22.7,48.2,80,1,38.3,57.8,112.3,5.0
16.8,24.0,45.0,80,1,42.2,59.2,112.4,5.0
16.3,22.7,47.4,80,1,43.5,56.0,111.8,5.0
14.5,21.1,44.9,80,1,39.4,57.9,112.3,5.0
16.4,20.8,46.9,80,1,41.6,59.4,110.0,5.0
15.4,21.7,42.7,80,1,39.9,54.9,116.8,5.0
14.5,23.2,45.0,80,1,42.2,58.7,114.4,5.0
16.7,22.6,46.6,80,1,40.1,61.7,112.3,5.0
15.9,23.5,44.0,80,1,41.2,57.8,115.2,5.0
17.1,21.9,43.2,80,1,42.3,58.7,116.5,5.0
14.8,21.5,45.1,80,1,40.7,55.1,112.2,5.0
16.6,21.8,45.9,80,1,37.2,58.5,121.0,5.0
15.2,23.7,43.8,80,1,40.2,57.2,114.3,5.0
16.3,21.6,45.6,80,1,41.9,56.8,120.1,5.0
14.2,21.1,46.1,80,1,40.9,54.8,112.1,5.0
16.6,21.8,45.0,80,1,41.3,53.1,114.0,5.0
16.2,24.3,44.9,80,1,40.2,56.0,112.5,5.0
17.1,19.6,45.2,80,1,40.3,56.9,112.3,5.0
16.4,22.9,46.3,80,1,42.0,56.5,111.9,5.0
16.7,23.5,42.1,80,1,39.6,58.0,113.2,5.0
15.5,22.7,45.9,80,1,41.0,53.6,121.7,5.0
17.0,23.9,46.1,80,1,39.6,55.2,119.1,5.0
15.0,22.1,44.8,80,1,41.2,56.5,113.5,5.0
17.7,22.0,47.1,80,1,41.5,57.4,115.2,5.0
15.7,22.2,44.0,80,1,43.9,59.7,117.8,5.0
17.0,20.8,48.5,80,1,41.6,57.6,114.5,5.0
16.5,23.5,46.2,80,1,42.2,56.9,113.9,5.0
15.6,22.0,48.2,80,1,41.0,57.1,119.7,5.0
15.8,23.5,45.0,80,1,41.0,59.3,111.6,5.0
15.6,22.1,46.1,80,1,40.6,57.6,111.4,5.0
16.1,22.7,48.3,80,1,42.7,60.1,111.8,5.0
16.7,21.1,46.3,80,1,41.9,57.6,116.4,5.0
15.8,19.7,46.0,80,1,43.0,56.6,114.8,5.0
15.1,22.8,49.0,80,1,41.3,56.0,110.9,5.0
15.3,21.4,45.3,80,1,42.9,54.4,116.9,5.0
15.9,22.5,46.9,80,1,41.9,59.0,114.1,5.0
14.9,21.9,45.7,80,1,42.6,54.5,114.4,5.0
13.9,21.9,45.4,80,1,40.7,55.5,109.9,5.0
17.4,23.6,43.1,80,1,39.8,59.7,111.8,5.0
14.6,22.8,49.0,80,1,40.9,56.3,105.6,5.0
17.7,24.1,45.1,80,1,42.2,57.7,114.3,5.0
16.0,22.2,43.3,80,1,37.8,52.9,118.3,5.0
15.6,21.0,44.8,80,1,39.7,56.5,115.0,5.0
15.1,19.0,45.2,80,1,42.6,57.5,116.2,5.0
16.7,24.7,46.9,80,1,39.5,57.7,124.2,5.0
17.8,21.4,46.4,80,1,39.9,57.7,119.7,5.0
16.0,21.3,46.5,80,1,38.7,58.7,119.0,5.0
15.8,23.0,47.1,80,1,41.4,57.2,114.9,5.0
16.7,22.1,45.0,80,1,39.3,55.0,113.6,5.0
16.3,21.7,46.3,80,1,41.2,56.4,117.0,5.0
15.9,22.4,45.0,80,1,42.8,55.9,115.6,5.0
14.7,20.7,44.2,80,1,41.0,59.3,111.6,5.0
16.6,22.4,45.4,80,1,41.7,54.2,113.5,5.0
15.8,24.2,47.2,80,1,41.1,57.3,113.7,5.0
14.7,21.2,48.9,80,1,44.5,56.1,114.1,5.0
14.9,21.7,45.9,80,1,40.0,60.9,110.6,5.0
15.9,21.7,44.6,80,1,42.2,58.0,113.1,5.0
17.6,21.7,44.8,80,1,39.5,59.1,108.9,5.0
16.5,23.1,43.4,80,1,41.9,60.0,117.7,5.0
15.6,22.8,46.8,80,1,40.0,55.2,118.1,5.0
15.2,22.1,44.8,80,1,39.5,55.9,118.3,5.0
15.0,22.3,44.7,80,1,40.3,57.0,112.0,5.0
16.9,23.5,44.9,80,1,39.6,55.2,114.1,5.0
15.3,21.1,44.9,80,1,44.0,55.0,117.6,5.0
15.1,21.0,44.6,80,1,40.7,58.2,116.4,5.0
16.3,24.3,45.2,80,1,40.6,56.6,111.5,5.0
16.7,21.3,48.7,80,1,40.2,58.2,112.7,5.0
15.5,23.4,44.1,80,1,41.3,55.8,112.6,5.0
15.7,20.5,45.4,80,1,39.8,55.9,114.3,5.0
16.9,21.9,46.3,80,1,40.7,55.8,116.4,5.0
15.6,21.3,49.4,80,1,37.6,56.2,117.4,5.0
13.8,21.2,45.3,80,1,43.5,58.0,117.8,5.0
16.4,22.5,48.4,80,1,40.5,56.1,106.7,5.0
15.7,22.9,45.1,80,1,39.6,55.3,106.3,5.0
14.6,22.3,43.0,80,1,44.0,56.5,114.8,5.0
15.0,22.2,46.8,80,1,41.9,58.5,118.5,5.0
16.3,21.8,45.1,80,1,41.5,55.3,107.2,5.0
14.1,20.9,49.6,80,1,42.0,57.0,110.4,5.0
15.8,23.2,45.3,80,1,41.9,57.4,113.8,5.0
16.7,23.2,45.1,80,1,41.7,56.4,120.2,5.0
17.6,21.0,46.3,80,1,42.4,56.4,114.7,5.0
18.1,20.7,48.2,80,1,41.5,58.1,113.0,5.0
15.1,23.5,43.2,80,1,42.6,60.9,109.6,5.0
17.6,21.8,45.1,80,1,38.4,56.1,115.0,5.0
15.8,20.0,44.6,80,1,41.3,58.0,115.7,5.0
17.1,20.9,45.7,80,1,42.9,57.4,113.4,5.0
15.8,20.6,46.3,80,1,41.0,56.2,114.7,5.0
15.7,20.8,45.8,80,1,38.8,57.4,118.5,5.0
17.7,23.2,45.8,80,1,39.6,58.2,113.9,5.0
15.6,22.8,48.1,80,1,41.9,56.3,114.5,5.0
16.6,20.9,48.6,80,1,42.0,58.9,117.1,5.0
16.6,22.6,45.7,80,1,43.5,56.6,113.3,5.0
16.7,22.3,45.6,80,1,38.9,57.7,116.0,5.0
15.8,20.3,45.7,80,1,42.3,57.2,113.0,5.0
15.7,22.5,47.2,80,1,41.8,57.7,118.9,5.0
16.8,23.9,45.5,80,1,44.3,57.3,111.2,5.0
16.1,21.3,45.9,80,1,42.1,59.5,117.4,5.0
15.6,22.6,47.3,80,1,41.5,58.9,115.4,5.0
16.9,20.6,42.9,80,1,41.4,55.4,113.8,5.0
14.9,22.7,46.4,80,1,43.1,58.1,116.2,5.0
15.6,21.6,43.0,80,1,38.4,59.9,114.9,5.0
17.3,20.6,45.1,80,1,41.7,57.6,113.8,5.0
16.4,21.7,44.7,80,1,39.5,56.5,114.6,5.0
15.2,23.5,43.8,80,1,43.3,61.9,114.8,5.0
15.7,21.1,46.0,80,1,40.3,55.7,110.9,5.0
15.8,22.8,45.8,80,1,40.9,55.8,113.3,5.0
17.4,20.9,45.3,80,1,42.0,58.2,116.1,5.0
15.8,22.1,42.1,80,1,43.5,56.5,105.9,5.0
15.8,20.7,44.4,80,1,42.8,55.6,115.4,5.0
15.5,21.1,47.8,80,1,39.4,59.2,113.9,5.0
16.3,20.8,45.6,80,1,43.0,59.4,115.9,5.0
15.3,23.2,47.3,80,1,39.8,53.4,117.6,5.0
17.9,22.0,46.5,80,1,41.6,58.3,112.5,5.0
16.2,21.2,43.8,80,1,39.8,55.2,115.8,5.0
15.7,23.5,44.3,80,1,38.9,59.4,112.5,5.0
18.0,22.8,47.2,80,1,39.7,55.5,119.2,5.0
16.9,21.9,45.6,80,1,39.9,60.9,115.2,5.0
16.3,21.2,45.1,80,1,43.3,58.1,118.7,5.0
17.2,21.5,46.2,80,1,41.0,55.8,111.1,5.0
14.9,22.3,46.4,80,1,41.3,55.9,118.7,5.0
